Club,Genre,Address,Access,Age,Feature,url,longitude,latitude
biima sports(ビーマ スポーツ) 和歌山校,サッカー・フットサル/野球・ソフトボール/バスケットボール/テニス/運動・体操,和歌山県和歌山市小雑賀239番地ワカヤマテニススクール内,きのくに線宮前駅,年少、年中、年⻑、⼩1、⼩2、⼩3、⼩4、⼩5、⼩6,土日あり/振替あり/駐車場あり,https://sp-sukusuku.jp/kyoushitsu/s22000000793,34.2062957,135.1828011
ラボ・パーティ 和歌山市松江教室(加地 亜希パーティ),英語・英会話/幼児教室,和歌山県和歌山市松江1478-44,南海本線和歌山市駅/南海本線紀ノ川駅,ベビー、年少、年中、年⻑、⼩1、⼩2、⼩3、⼩4、⼩5、⼩6,親子コースあり/駐車場あり,https://sp-sukusuku.jp/kyoushitsu/s19000010236,34.2397938,135.1543891
ECCジュニア 木ノ本教室,英語・英会話,和歌山県和歌山市木ノ本３３０－５　,南海加太線八幡前駅/南海加太線中松江駅,ベビー、年少、年中、年⻑、⼩1、⼩2、⼩3、⼩4、⼩5、⼩6,,https://sp-sukusuku.jp/kyoushitsu/s91200005937,34.2586283,135.1281293
ECCジュニア 神波教室,英語・英会話/学習塾,和歌山県和歌山市神波31-5　,阪和線(天王寺～和歌山)紀伊駅,ベビー、年少、年中、年⻑、⼩1、⼩2、⼩3、⼩4、⼩5、⼩6,,https://sp-sukusuku.jp/kyoushitsu/s91200005980,34.2643918,135.2550947
ラボ・パーティ 和歌山市中之島教室(加地 亜希パーティ),英語・英会話/幼児教室,和歌山県和歌山市中之島1288,阪和線(天王寺～和歌山)紀伊中ノ島駅/紀勢本線(和歌山～和歌山市)紀和駅/紀勢本線(和歌山～和歌山市)和歌山駅,⼩1、⼩2、⼩3、⼩4、⼩5、⼩6,駅チカ/駐車場あり,https://sp-sukusuku.jp/kyoushitsu/s19000010341,34.2408129,135.1883225
ECCジュニア 有本教室,英語・英会話/学習塾,和歌山県和歌山市有本568-6　,阪和線(天王寺～和歌山)紀伊中ノ島駅/紀勢本線(和歌山～和歌山市)紀和駅,ベビー、年少、年中、年⻑、⼩1、⼩2、⼩3、⼩4、⼩5、⼩6,駅チカ,https://sp-sukusuku.jp/kyoushitsu/s91200005955,34.2472403,135.1921745
ECCジュニア 新中通１丁目教室,英語・英会話,和歌山県和歌山市新中通1丁目37番地　,阪和線(天王寺～和歌山)和歌山駅/JR和歌山線和歌山駅/きのくに線和歌山駅,ベビー、年少、年中、年⻑、⼩1、⼩2、⼩3、⼩4、⼩5、⼩6,,https://sp-sukusuku.jp/kyoushitsu/s91200006000,34.2294187,135.1828871
カワイ音楽教室 和歌山センター,ピアノ,和歌山県和歌山市友田町４丁目１１８,阪和線(天王寺～和歌山)和歌山駅/JR和歌山線和歌山駅/きのくに線和歌山駅,年少、年中、年⻑、⼩1、⼩2、⼩3、⼩4、⼩5、⼩6,マンツーマン/駅チカ,https://sp-sukusuku.jp/kyoushitsu/s92700001107,34.2322499,135.1883074
ECCジュニア 秋月教室,英語・英会話/学習塾,和歌山県和歌山市秋月180-9　,N/A,N/A,N/A,https://sp-sukusuku.jp/kyoushitsu/s91200005996,34.2327822,135.2065871
ECCジュニア 梶取教室,英語・英会話,和歌山県和歌山市梶取148-15,南海本線紀ノ川駅/南海加太線紀ノ川駅/南海加太線東松江駅,ベビー、年少、年中、年⻑、⼩1、⼩2、⼩3、⼩4、⼩5、⼩6,,https://sp-sukusuku.jp/kyoushitsu/s91200005984,34.2524776,135.1559479
ECCジュニア 西浜教室,英語・英会話/学習塾,和歌山県和歌山市西浜２丁目４－１２　,N/A,N/A,N/A,https://sp-sukusuku.jp/kyoushitsu/s91200005965,34.2009592,135.1639068
ECCジュニア 山東教室,英語・英会話/学習塾,和歌山県和歌山市吉礼１４５３－１　,貴志川線吉礼駅/貴志川線岡崎前駅/貴志川線交通センター前駅,ベビー、年少、年中、年⻑、⼩1、⼩2、⼩3、⼩4、⼩5、⼩6,駅チカ,https://sp-sukusuku.jp/kyoushitsu/s91200005940,34.20741110000001,135.234407
ECCジュニア 鳴神教室,英語・英会話,和歌山県和歌山市鳴神２４８－４１　,貴志川線日前宮駅,ベビー、年少、年中、年⻑、⼩1、⼩2、⼩3、⼩4、⼩5、⼩6,,https://sp-sukusuku.jp/kyoushitsu/s91200005967,34.228311,135.2156648
ECCジュニア 野崎教室,英語・英会話/学習塾,和歌山県和歌山市狐島２６７－１８　,N/A,N/A,N/A,https://sp-sukusuku.jp/kyoushitsu/s91200005972,34.2437083,135.1515794
ECCジュニア 朝日教室,英語・英会話/学習塾,和歌山県和歌山市朝日320,貴志川線交通センター前駅/貴志川線岡崎前駅/貴志川線竈山駅,ベビー、年少、年中、年⻑、⼩1、⼩2、⼩3、⼩4、⼩5、⼩6,駅チカ,https://sp-sukusuku.jp/kyoushitsu/s91200005989,34.1973292,135.2151158
ECCジュニア 森小手穂教室,英語・英会話/学習塾,和歌山県和歌山市森小手穂１２０２　,貴志川線交通センター前駅/貴志川線岡崎前駅/貴志川線竈山駅,ベビー、年少、年中、年⻑、⼩1、⼩2、⼩3、⼩4、⼩5、⼩6,,https://sp-sukusuku.jp/kyoushitsu/s91200005941,34.2133208,135.2190202
ECCジュニア 有家教室,英語・英会話/学習塾,和歌山県和歌山市有家２８３　,N/A,N/A,N/A,https://sp-sukusuku.jp/kyoushitsu/s91200005959,34.2223134,135.1989048
ECCジュニア 和歌浦教室,英語・英会話,和歌山県和歌山市和歌浦中3-3-8ハートブルーユニオン2F,きのくに線紀三井寺駅,ベビー、年少、年中、年⻑、⼩1、⼩2、⼩3、⼩4、⼩5、⼩6,,https://sp-sukusuku.jp/kyoushitsu/s91200006003,34.1883973,135.1724438
ECCジュニア 善明寺教室,英語・英会話,和歌山県和歌山市善明寺７２７－２５　,N/A,N/A,N/A,https://sp-sukusuku.jp/kyoushitsu/s91200006023,34.265785,135.1822974
ECCジュニア 紀ノ川駅前教室,英語・英会話,和歌山県和歌山市市小路156　,南海本線紀ノ川駅/南海加太線紀ノ川駅,ベビー、年少、年中、年⻑、⼩1、⼩2、⼩3、⼩4、⼩5、⼩6,駅チカ,https://sp-sukusuku.jp/kyoushitsu/s91200005994,34.2558677,135.164871
ECCジュニア 朝日北教室,英語・英会話/学習塾,和歌山県和歌山市朝日２２９－８　,N/A,N/A,N/A,https://sp-sukusuku.jp/kyoushitsu/s91200006010,34.1883464,135.2220151
ECCジュニア 西浜３丁目教室,英語・英会話,和歌山県和歌山市西浜3丁目5番55-1号　,N/A,N/A,N/A,https://sp-sukusuku.jp/kyoushitsu/s91200006029,34.2009087,135.1616868
ECCジュニア 松島東教室,英語・英会話,和歌山県和歌山市松島358-4　,N/A,N/A,N/A,https://sp-sukusuku.jp/kyoushitsu/s91200005983,34.246192,135.211825
ECCジュニア ふじと台東教室,英語・英会話,和歌山県和歌山市栄谷974-84　,南海本線和歌山大学前駅,ベビー、年少、年中、年⻑、⼩1、⼩2、⼩3、⼩4、⼩5、⼩6,,https://sp-sukusuku.jp/kyoushitsu/s91200006012,34.2701799,135.1575366
ECCジュニア 西和佐小学校前教室,英語・英会話/学習塾,和歌山県和歌山市岩橋1005-1　,JR和歌山線田井ノ瀬駅,ベビー、年少、年中、年⻑、⼩1、⼩2、⼩3、⼩4、⼩5、⼩6,駅チカ,https://sp-sukusuku.jp/kyoushitsu/s91200006028,34.2377852,135.2281381
ECCジュニア 岩橋教室,英語・英会話,和歌山県和歌山市岩橋１５８２－３　,JR和歌山線田井ノ瀬駅,ベビー、年少、年中、年⻑、⼩1、⼩2、⼩3、⼩4、⼩5、⼩6,,https://sp-sukusuku.jp/kyoushitsu/s91200005943,34.2321119,135.2239002
ECCジュニア 榎原団地教室,英語・英会話/学習塾,和歌山県和歌山市榎原１５０－１４４　,南海加太線中松江駅/南海加太線八幡前駅/南海加太線東松江駅,ベビー、年少、年中、年⻑、⼩1、⼩2、⼩3、⼩4、⼩5、⼩6,駅チカ,https://sp-sukusuku.jp/kyoushitsu/s91200005961,34.2551856,135.130213
ECCジュニア 名草小学校前教室,英語・英会話/学習塾,和歌山県和歌山市紀三井寺534-6ソフィアファーストビル2,きのくに線紀三井寺駅,ベビー、年少、年中、年⻑、⼩1、⼩2、⼩3、⼩4、⼩5、⼩6,,https://sp-sukusuku.jp/kyoushitsu/s91200005945,34.1775594,135.1866043
ECCジュニア 布引教室,英語・英会話/学習塾,和歌山県和歌山市布引405-1　,きのくに線紀三井寺駅,ベビー、年少、年中、年⻑、⼩1、⼩2、⼩3、⼩4、⼩5、⼩6,,https://sp-sukusuku.jp/kyoushitsu/s91200005944,34.17689120000001,135.1797423
ECCジュニア 杭ノ瀬教室,英語・英会話,和歌山県和歌山市杭ノ瀬１９３－１３　,きのくに線宮前駅/貴志川線神前駅/貴志川線竈山駅,ベビー、年少、年中、年⻑、⼩1、⼩2、⼩3、⼩4、⼩5、⼩6,,https://sp-sukusuku.jp/kyoushitsu/s91200006024,34.209801,135.196674
ECCジュニア 四ヶ郷北教室,英語・英会話/学習塾,和歌山県和歌山市有本415-29　,阪和線(天王寺～和歌山)紀伊中ノ島駅/阪和線(天王寺～和歌山)六十谷駅,ベビー、年少、年中、年⻑、⼩1、⼩2、⼩3、⼩4、⼩5、⼩6,,https://sp-sukusuku.jp/kyoushitsu/s91200005966,34.2523724,135.1979025
ECCジュニア 小倉教室,英語・英会話/学習塾,和歌山県和歌山市大垣内12-3　,JR和歌山線紀伊小倉駅,ベビー、年少、年中、年⻑、⼩1、⼩2、⼩3、⼩4、⼩5、⼩6,,https://sp-sukusuku.jp/kyoushitsu/s91200006009,34.241188,135.2794813
ECCジュニア 秋葉町教室,英語・英会話,和歌山県和歌山市4-21秋葉山マンション108　,N/A,N/A,N/A,https://sp-sukusuku.jp/kyoushitsu/s91200005970,34.2008482,135.1708167
ECCジュニア 楠本教室,英語・英会話/学習塾,和歌山県和歌山市楠本72-18　,阪和線(天王寺～和歌山)紀伊駅,ベビー、年少、年中、年⻑、⼩1、⼩2、⼩3、⼩4、⼩5、⼩6,,https://sp-sukusuku.jp/kyoushitsu/s91200006007,34.2601309,135.2536333
ECC外語学院 ECCKIDS 和歌山ミオ校,英語・英会話,和歌山県和歌山市美園町5-61和歌山ミオ3F,阪和線(天王寺～和歌山)和歌山駅/JR和歌山線和歌山駅/きのくに線和歌山駅,ベビー、年少、年中、年⻑、⼩1、⼩2、⼩3、⼩4、⼩5、⼩6,土日あり/親子コースあり/駅チカ,https://sp-sukusuku.jp/kyoushitsu/s92900000135,34.232415,135.1905193
ラボ・パーティ 和歌山市湊御殿教室(森 瑞穂パーティ),英語・英会話/幼児教室,和歌山県和歌山市湊御殿3丁目7-7,南海和歌山港線和歌山港駅,⼩1、⼩2、⼩3、⼩4、⼩5、⼩6,駐車場あり,https://sp-sukusuku.jp/kyoushitsu/s22000000038,34.2178447,135.1587525
ラボ・パーティ 和歌山市中之島教室(納谷 里咲パーティ),英語・英会話/幼児教室,和歌山県和歌山市中之島,紀勢本線(和歌山～和歌山市)紀和駅,ベビー,親子コースあり,https://sp-sukusuku.jp/kyoushitsu/s90300000058,34.2417354,135.1857186
講談社こども教室 パームシティ和歌山教室,幼児教室/学習塾,和歌山県和歌山市中野31-1パームシティ和歌山1階,南海加太線東松江駅/南海加太線中松江駅,ベビー、年少、年中、年⻑、⼩1、⼩2、⼩3、⼩4、⼩5、⼩6,土日あり/駐車場あり,https://sp-sukusuku.jp/kyoushitsu/s93400000066,34.2553942,135.1403921
講談社こども教室 ふじと台教室,幼児教室/学習塾,和歌山県和歌山市中字楠谷573イオンモール和歌山3階,南海本線和歌山大学前駅,ベビー、年少、年中、年⻑、⼩1、⼩2、⼩3、⼩4、⼩5、⼩6,駅チカ,https://sp-sukusuku.jp/kyoushitsu/s93400000079,34.2755306,135.1492484
講談社こども教室 和歌山教室,幼児教室/学習塾,和歌山県和歌山市新生町7-20イズミヤ和歌山店2階,貴志川線田中口駅/きのくに線宮前駅/貴志川線和歌山駅,ベビー、年少、年中、年⻑、⼩1、⼩2、⼩3、⼩4、⼩5、⼩6,駅チカ,https://sp-sukusuku.jp/kyoushitsu/s93400000075,34.2216586,135.1874058
ピアノ教室 piano musica,音楽教室/ピアノ,和歌山県和歌山市中之島509-6,阪和線(天王寺～和歌山)紀伊中ノ島駅/紀勢本線(和歌山～和歌山市)紀和駅/紀勢本線(和歌山～和歌山市)和歌山駅,N/A,N/A,https://sp-sukusuku.jp/kyoushitsu/s19000009285,34.243061,135.1872162
リーガ水球クラブ,スイミング・水泳,和歌山県和歌山市太田１２７　向陽高校プール,N/A,N/A,N/A,https://sp-sukusuku.jp/kyoushitsu/s18000123882,34.2276051,135.1997686
進学塾ライナー（ＬＩＮＥＡＲ）,学習塾,和歌山県和歌山市出口中ノ丁３３,N/A,N/A,N/A,https://sp-sukusuku.jp/kyoushitsu/s18000032549,34.2214559,135.164313
ｉＴｅｅｎ和歌山駅前校,学習塾,和歌山県和歌山市太田１丁目１１－１３－２Ｆ,N/A,N/A,N/A,https://sp-sukusuku.jp/kyoushitsu/s18000032621,34.2315765,135.1930524
スタッド 福島教室,学習塾,和歌山県和歌山市福島54-1-101,N/A,N/A,N/A,https://sp-sukusuku.jp/kyoushitsu/s18000123963,34.2492592,135.16454
日本空手協会 和歌山北支部,空手・拳法,和歌山県和歌山市中野・松江,N/A,N/A,N/A,https://sp-sukusuku.jp/kyoushitsu/s18000123665,34.2559487,135.1406803
森井塾,学習塾,和歌山県和歌山市鷺ノ森西ノ丁１８,N/A,N/A,N/A,https://sp-sukusuku.jp/kyoushitsu/s18000032557,34.236569,135.1705262
学研 なかのしま教室,学習塾,和歌山県和歌山市中之島1612,N/A,N/A,N/A,https://sp-sukusuku.jp/kyoushitsu/s18000123850,34.2392541,135.1843439
セレソン中之島FC,サッカー・フットサル,和歌山県和歌山市　せせらぎ公園西グラウンド,N/A,N/A,N/A,https://sp-sukusuku.jp/kyoushitsu/s18000123957,34.2493753,135.1894034
ＧＥＳふじと台ラーニングセンター,学習塾,和歌山県和歌山市中５８３－１－２０２,N/A,N/A,N/A,https://sp-sukusuku.jp/kyoushitsu/s18000032661,34.2711627,135.1476375
合気道至誠館道場,合気道,和歌山県和歌山市新中島９９,N/A,N/A,N/A,https://sp-sukusuku.jp/kyoushitsu/s18000002280,34.2172094,135.1978164
家庭教師・学参,学習塾,和歌山県和歌山市全域,N/A,N/A,N/A,https://sp-sukusuku.jp/kyoushitsu/s18000123877,34.2303678,135.1707405
学研 紀三井寺団地教室,学習塾,和歌山県和歌山市紀三井寺1-160,N/A,N/A,N/A,https://sp-sukusuku.jp/kyoushitsu/s18000123827,34.1682409,135.195979
岩橋珠算教室,書道・習字,和歌山県和歌山市坂田６６８－３,N/A,N/A,N/A,https://sp-sukusuku.jp/kyoushitsu/s18000056903,34.2018385,135.1986532
学研 吉礼みどり教室,学習塾,和歌山県和歌山市吉礼650-8,N/A,N/A,N/A,https://sp-sukusuku.jp/kyoushitsu/s18000123824,34.201338,135.2347029
大学受験専門アカデミーキャンパス,学習塾,和歌山県和歌山市黒田１丁目２－２１,N/A,N/A,N/A,https://sp-sukusuku.jp/kyoushitsu/s18000032833,34.2326855,135.1933444
ＴＧＫわーくるーむ,学習塾,和歌山県和歌山市関戸１丁目４－３０,N/A,N/A,N/A,https://sp-sukusuku.jp/kyoushitsu/s18000032913,34.199731,135.1672702
個別指導Ｗａｍ／河北校,学習塾,和歌山県和歌山市狐島６０１－２０１,N/A,N/A,N/A,https://sp-sukusuku.jp/kyoushitsu/s18000032606,34.2479638,135.1566432
ガウディアけやき通り教室,学習塾,和歌山県和歌山市友田町２丁目１４５,N/A,N/A,N/A,https://sp-sukusuku.jp/kyoushitsu/s18000032862,34.2319133,135.1854626
ＴＳ進学塾宮前教室,学習塾,和歌山県和歌山市中島５５１－５,N/A,N/A,N/A,https://sp-sukusuku.jp/kyoushitsu/s18000032877,34.214751,135.1932756
上野塾,学習塾,和歌山県和歌山市津秦１６６－３,N/A,N/A,N/A,https://sp-sukusuku.jp/kyoushitsu/s18000032648,34.2206715,135.204331
アカデミーキャンパス県庁前校,学習塾,和歌山県和歌山市南中間町３０,N/A,N/A,N/A,https://sp-sukusuku.jp/kyoushitsu/s18000032752,34.2249374,135.1644701
ＧＥＳ／Ｊ―ＣＡＭＰＵＳ河北,学習塾,和歌山県和歌山市北島４５３－１,N/A,N/A,N/A,https://sp-sukusuku.jp/kyoushitsu/s18000032836,34.2380396,135.1552609
学習塾ミューゼ,学習塾,和歌山県和歌山市有本４４３－１３,N/A,N/A,N/A,https://sp-sukusuku.jp/kyoushitsu/s18000032556,34.2508192,135.1981902
けいせい塾,学習塾,和歌山県和歌山市園部５９６－１７１,N/A,N/A,N/A,https://sp-sukusuku.jp/kyoushitsu/s18000032902,34.263759,135.1883915
スタッドみなと教室,学習塾,和歌山県和歌山市湊５５６,N/A,N/A,N/A,https://sp-sukusuku.jp/kyoushitsu/s18000032856,34.2155993,135.1576592
川端塾,学習塾,和歌山県和歌山市福町４９－５Ｆ,N/A,N/A,N/A,https://sp-sukusuku.jp/kyoushitsu/s18000032920,34.2328735,135.1714749
ヤマハ音楽教室 福島センター,音楽教室,和歌山県和歌山市福島318,N/A,N/A,N/A,https://sp-sukusuku.jp/kyoushitsu/s18000123899,34.2496559,135.165193
東進衛星予備校／和歌山駅前校,学習塾,和歌山県和歌山市太田１丁目１３－１５,N/A,N/A,N/A,https://sp-sukusuku.jp/kyoushitsu/s18000032715,34.232108,135.1936775
株式会社服部楽器店,ピアノ,和歌山県和歌山市吹上１丁目２－２０,N/A,N/A,N/A,https://sp-sukusuku.jp/kyoushitsu/s18000048819,34.2242212,135.1701786
ニッケンスクール高典塾,空手・拳法,和歌山県和歌山市堀止西１丁目１０－１４,N/A,N/A,N/A,https://sp-sukusuku.jp/kyoushitsu/s18000002738,34.2130396,135.1664008
野崎珠算塾野崎教場,書道・習字,和歌山県和歌山市野崎１０６－８,N/A,N/A,N/A,https://sp-sukusuku.jp/kyoushitsu/s18000056929,34.2429304,135.1576438
マイゼミナール,学習塾,和歌山県和歌山市神前３５１－１,N/A,N/A,N/A,https://sp-sukusuku.jp/kyoushitsu/s18000032551,34.21035810000001,135.2014342
ミュージックサロン和歌山,ピアノ,和歌山県和歌山市南大工町７－１－４Ｆ,N/A,N/A,N/A,https://sp-sukusuku.jp/kyoushitsu/s18000048829,34.2345903,135.173975
能開センター／個別指導Ａｘｉｓ／個別紀ノ川北校,学習塾,和歌山県和歌山市向１５３－１,N/A,N/A,N/A,https://sp-sukusuku.jp/kyoushitsu/s18000032728,34.2582008,135.1439097
個別指導Ｗａｍ／日進校,学習塾,和歌山県和歌山市鳴神１２０４－２－１Ｆ－Ｂ,N/A,N/A,N/A,https://sp-sukusuku.jp/kyoushitsu/s18000032810,34.2275393,135.2074941
明光義塾 和歌山西庄教室,学習塾,和歌山県和歌山市西庄274-62レスペート西庄Ⅵ,N/A,N/A,N/A,https://sp-sukusuku.jp/kyoushitsu/s18000123644,34.2580717,135.1190775
スタッド 吐前教室,学習塾,和歌山県和歌山市吐前644-1,N/A,N/A,N/A,https://sp-sukusuku.jp/kyoushitsu/s18000123965,34.2450734,135.2737475
能開センター／和歌山校／中学部,学習塾,和歌山県和歌山市黒田１丁目４－１６,N/A,N/A,N/A,https://sp-sukusuku.jp/kyoushitsu/s18000032664,34.2334225,135.1926427
優学館ゼミ,学習塾,和歌山県和歌山市梶取２４４－２５,N/A,N/A,N/A,https://sp-sukusuku.jp/kyoushitsu/s18000032788,34.2485739,135.1576902
英語専科塾,学習塾,和歌山県和歌山市田尻１７３－３０２,N/A,N/A,N/A,https://sp-sukusuku.jp/kyoushitsu/s18000032592,34.2113823,135.1989745
総合格闘技日本空手道無名塾,空手・拳法,和歌山県和歌山市梶取１７２－１,N/A,N/A,N/A,https://sp-sukusuku.jp/kyoushitsu/s18000001236,34.2512196,135.1567046
ＧＥＳ／パームシティ校,学習塾,和歌山県和歌山市中野３１－１,N/A,N/A,N/A,https://sp-sukusuku.jp/kyoushitsu/s18000032838,34.2542792,135.1394014
３ステップ学習塾,学習塾,和歌山県和歌山市古屋１８２－２９,N/A,N/A,N/A,https://sp-sukusuku.jp/kyoushitsu/s18000032931,34.2541307,135.1226903
株式会社エイチ・エム・グループ,学習塾,和歌山県和歌山市六十谷２２６－１５,N/A,N/A,N/A,https://sp-sukusuku.jp/kyoushitsu/s18000032904,34.2614965,135.204988
海堀ピアノ教室,ピアノ,和歌山県和歌山市木ノ本８５９－１６,N/A,N/A,N/A,https://sp-sukusuku.jp/kyoushitsu/s18000048840,34.2638422,135.1323775
個別指導Ｗａｍ／西浜校,学習塾,和歌山県和歌山市秋葉町７－２７,N/A,N/A,N/A,https://sp-sukusuku.jp/kyoushitsu/s18000032626,34.2022595,135.1706339
ヤマハ音楽教室服部楽器,幼児教室,和歌山県和歌山市吹上１丁目２－２０,N/A,N/A,N/A,https://sp-sukusuku.jp/kyoushitsu/s18000054318,34.2242212,135.1701786
学研 三葛教室,学習塾,和歌山県和歌山市三葛625-4,N/A,N/A,N/A,https://sp-sukusuku.jp/kyoushitsu/s18000123814,34.1940931,135.1916573
ITTO個別指導学院 紀伊駅前校,学習塾,和歌山県和歌山市北野530-1,N/A,N/A,N/A,https://sp-sukusuku.jp/kyoushitsu/s18000123996,34.2680853,135.2454294
けいせい塾四谷大塚ＮＥＴ,学習塾,和歌山県和歌山市太田１丁目１３－１５,N/A,N/A,N/A,https://sp-sukusuku.jp/kyoushitsu/s18000032768,34.232108,135.1936775
学研 紀伊教室,学習塾,和歌山県和歌山市弘西318-4,N/A,N/A,N/A,https://sp-sukusuku.jp/kyoushitsu/s18000123829,34.2665277,135.2374827
外畑そろばん教室,書道・習字,和歌山県和歌山市南材木丁３丁目１７,N/A,N/A,N/A,https://sp-sukusuku.jp/kyoushitsu/s18000056901,34.2292158,135.1811993
個別指導Ｗａｍ／小松原校,学習塾,和歌山県和歌山市吹上４丁目１－５３,N/A,N/A,N/A,https://sp-sukusuku.jp/kyoushitsu/s18000032681,34.2164974,135.16985
中高年からのピアノ教室前田,ピアノ,和歌山県和歌山市北島５０６－１３,N/A,N/A,N/A,https://sp-sukusuku.jp/kyoushitsu/s18000048826,34.23844649999999,135.1588621
楠山塾,学習塾,和歌山県和歌山市松ケ丘２丁目５－４６,N/A,N/A,N/A,https://sp-sukusuku.jp/kyoushitsu/s18000032598,34.2044376,135.1639068
高岡珠算研生会,書道・習字,和歌山県和歌山市東高松４丁目４－３９,N/A,N/A,N/A,https://sp-sukusuku.jp/kyoushitsu/s18000056906,34.2043955,135.1734493
ヤマハ音楽教室 東山東幼稚園,音楽教室,和歌山県和歌山市山東中124,N/A,N/A,N/A,https://sp-sukusuku.jp/kyoushitsu/s18000123904,34.2007602,135.2571953
英進会,学習塾,和歌山県和歌山市黒田１丁目２－２１,N/A,N/A,N/A,https://sp-sukusuku.jp/kyoushitsu/s18000032645,34.2326855,135.1933444
株式会社エスビジョングループ,学習塾,和歌山県和歌山市黒田１丁目２－２１,N/A,N/A,N/A,https://sp-sukusuku.jp/kyoushitsu/s18000032712,34.2326855,135.1933444
布施屋進学塾,学習塾,和歌山県和歌山市布施屋４９６,N/A,N/A,N/A,https://sp-sukusuku.jp/kyoushitsu/s18000032869,34.2456697,135.2674082
ＫＧセミナー,学習塾,和歌山県和歌山市黒田２丁目２－２２－２０６,N/A,N/A,N/A,https://sp-sukusuku.jp/kyoushitsu/s18000040954,34.2327793,135.1960704
能開センター 和歌山校(小学部),学習塾,和歌山県和歌山市太田1-9-9市川ビル1F,N/A,N/A,N/A,https://sp-sukusuku.jp/kyoushitsu/s18000123656,34.2312643,135.1923391
Ｊ―Ｃａｍｐｕｓ西庄,学習塾,和歌山県和歌山市西庄３３７－２,N/A,N/A,N/A,https://sp-sukusuku.jp/kyoushitsu/s18000032888,34.2573178,135.1159498
イクウェル（ＥＱＷＥＬ）チャイルドアカデミー紀三井寺教室,幼児教室,和歌山県和歌山市布引６１８－１,N/A,N/A,N/A,https://sp-sukusuku.jp/kyoushitsu/s18000053607,34.1734058,135.1864196
個別指導イースクール紀之川ゼミ本部校,学習塾,和歌山県和歌山市加納２６２－９,N/A,N/A,N/A,https://sp-sukusuku.jp/kyoushitsu/s18000032762,34.2466331,135.201174
スタッド 布引教室,学習塾,和歌山県和歌山市布引796-2,N/A,N/A,N/A,https://sp-sukusuku.jp/kyoushitsu/s18000123964,34.1707389,135.1837271
童夢ぽけっと,絵画・造形,和歌山県和歌山市田中町２丁目６４,N/A,N/A,N/A,https://sp-sukusuku.jp/kyoushitsu/s18000044154,34.2274472,135.1858466
オズマ学習塾,学習塾,和歌山県和歌山市和歌川町３－１３,N/A,N/A,N/A,https://sp-sukusuku.jp/kyoushitsu/s18000032547,34.1958115,135.1799654
Ｓ級進学教室,学習塾,和歌山県和歌山市楠見中１－４,N/A,N/A,N/A,https://sp-sukusuku.jp/kyoushitsu/s18000032914,34.2532894,135.1791539
音楽文化堂ピアノワールド,ピアノ,和歌山県和歌山市雑賀屋町東ノ丁７１,N/A,N/A,N/A,https://sp-sukusuku.jp/kyoushitsu/s18000048817,34.225865,135.1702317
個別指導のスクールIE　手平校,学習塾,和歌山県和歌山市手平5-1-15,N/A,N/A,N/A,https://sp-sukusuku.jp/kyoushitsu/s18000123730,34.2158606,135.1867061
みやび個別指導学院 六十谷校,学習塾,和歌山県和歌山市園部863番5,N/A,N/A,N/A,https://sp-sukusuku.jp/kyoushitsu/s18000123936,34.2624705,135.1948373
スタッド 湊御殿教室,学習塾,和歌山県和歌山市湊御殿1-7-36,N/A,N/A,N/A,https://sp-sukusuku.jp/kyoushitsu/s18000123962,34.2224131,135.1585726
ソラティオーラ和歌山,サッカー・フットサル,和歌山県和歌山市三葛５１０　屋上スポーツ広場、他,N/A,N/A,N/A,https://sp-sukusuku.jp/kyoushitsu/s18000123954,34.1958547,135.1879123
新極真会和歌山県支部,空手・拳法,和歌山県和歌山市井辺４３７－２１,N/A,N/A,N/A,https://sp-sukusuku.jp/kyoushitsu/s18000001231,34.2227596,135.2154544
前田ピアノ教室,ピアノ,和歌山県和歌山市和歌浦中２丁目８－１９,N/A,N/A,N/A,https://sp-sukusuku.jp/kyoushitsu/s18000048843,34.190512,135.1698295
ユニスタイル和歌山,幼児教室,和歌山県和歌山市太田４丁目４－４１,N/A,N/A,N/A,https://sp-sukusuku.jp/kyoushitsu/s18000054478,34.22876189999999,135.1960338
個別指導Ｗａｍ,学習塾,和歌山県和歌山市六十谷２２６－１５,N/A,N/A,N/A,https://sp-sukusuku.jp/kyoushitsu/s18000032560,34.2614965,135.204988
個別対応学舎,学習塾,和歌山県和歌山市吉田４１０－１,N/A,N/A,N/A,https://sp-sukusuku.jp/kyoushitsu/s18000032655,34.2359227,135.189943
ヤマハ音楽教室 粟教室,音楽教室,和歌山県和歌山市粟258-1,N/A,N/A,N/A,https://sp-sukusuku.jp/kyoushitsu/s18000123922,34.2529998,135.1751985
田原塾,学習塾,和歌山県和歌山市秋月１９８－６,N/A,N/A,N/A,https://sp-sukusuku.jp/kyoushitsu/s18000040955,34.2323126,135.2064906
環バレエスクール　和歌山本部教室,バレエ,和歌山県和歌山市南汀丁13井上ビル4階(和歌山東急イン横),N/A,N/A,N/A,https://sp-sukusuku.jp/kyoushitsu/s18000123767,34.2285059,135.1683696
ＧＥＳ／県庁前校,学習塾,和歌山県和歌山市東長町５丁目５０,N/A,N/A,N/A,https://sp-sukusuku.jp/kyoushitsu/s18000032781,34.2317569,135.1897288
ヤマハ音楽教室 神前教室,音楽教室,和歌山県和歌山市神前109-11,N/A,N/A,N/A,https://sp-sukusuku.jp/kyoushitsu/s18000123908,34.2160134,135.2060221
極真会館 和歌山支部 西庄道場,空手・拳法,和歌山県和歌山市西庄1037-53,N/A,N/A,N/A,https://sp-sukusuku.jp/kyoushitsu/s18000123755,34.2537547,135.1115308
こどもダンスクラス,ダンス,和歌山県和歌山市美園町5-4-2T-LABOみその商店街,N/A,N/A,N/A,https://sp-sukusuku.jp/kyoushitsu/s18000123973,34.2296048,135.1905529
個別指導Ｗａｍ／河西貴志校,学習塾,和歌山県和歌山市土入２１－９,N/A,N/A,N/A,https://sp-sukusuku.jp/kyoushitsu/s18000032724,34.253673,135.1414474
能開センターワオの家庭教師和歌山本部,学習塾,和歌山県和歌山市黒田１丁目４－１６,N/A,N/A,N/A,https://sp-sukusuku.jp/kyoushitsu/s18000032642,34.2334225,135.1926427
個別指導Ｗａｍ／和歌山駅前校／高等部,学習塾,和歌山県和歌山市美園町４丁目８１,N/A,N/A,N/A,https://sp-sukusuku.jp/kyoushitsu/s18000032686,34.2307763,135.1892269
学研 わかうら教室,学習塾,和歌山県和歌山市和歌浦中1丁目2-42,N/A,N/A,N/A,https://sp-sukusuku.jp/kyoushitsu/s18000123843,34.1936765,135.1686314
錬誠会和歌山県本部,空手・拳法,和歌山県和歌山市小松原６丁目６－３３,N/A,N/A,N/A,https://sp-sukusuku.jp/kyoushitsu/s18000051589,34.2169396,135.1665779
極真会館和歌山支部,空手・拳法,和歌山県和歌山市西庄１０３７－５３,N/A,N/A,N/A,https://sp-sukusuku.jp/kyoushitsu/s18000001234,34.2537547,135.1115308
エッグゼミナール,学習塾,和歌山県和歌山市六十谷９－５,N/A,N/A,N/A,https://sp-sukusuku.jp/kyoushitsu/s18000032558,34.2620141,135.2000015
明光義塾和歌山市駅前教室,学習塾,和歌山県和歌山市屏風丁１－１－１Ｆ,N/A,N/A,N/A,https://sp-sukusuku.jp/kyoushitsu/s18000032804,34.2362044,135.1674348
学研 北秋月教室,学習塾,和歌山県和歌山市秋月139-4,N/A,N/A,N/A,https://sp-sukusuku.jp/kyoushitsu/s18000123783,34.2326847,135.2043811
ＤＳアカデミー,学習塾,和歌山県和歌山市六十谷１６４,N/A,N/A,N/A,https://sp-sukusuku.jp/kyoushitsu/s18000032553,34.2594748,135.2032775
進学塾ＴＭ,学習塾,和歌山県和歌山市西浜９１８－８,N/A,N/A,N/A,https://sp-sukusuku.jp/kyoushitsu/s18000032766,34.2023142,135.1567696
イーオンキッズ  和歌山ガーデンパーク校,英語・英会話,和歌山県和歌山市松江字向鵜ノ島1469-12F,N/A,N/A,N/A,https://sp-sukusuku.jp/kyoushitsu/s18000123981,34.2385864,135.1284047
武田塾和歌山校,学習塾,和歌山県和歌山市友田町５丁目５０,N/A,N/A,N/A,https://sp-sukusuku.jp/kyoushitsu/s18000032615,34.2324129,135.1897054
ＯＭＩセミナー,学習塾,和歌山県和歌山市古屋７７－１０,N/A,N/A,N/A,https://sp-sukusuku.jp/kyoushitsu/s18000032779,34.2563655,135.1194012
江川珠算塾,書道・習字,和歌山県和歌山市松江北４丁目６－９,N/A,N/A,N/A,https://sp-sukusuku.jp/kyoushitsu/s18000056905,34.2530524,135.1329772
榊原ピアノ教室,ピアノ,和歌山県和歌山市手平１丁目４－２４,N/A,N/A,N/A,https://sp-sukusuku.jp/kyoushitsu/s18000048844,34.2194686,135.1880777
進学教室　浜学園　和歌山教室,学習塾,和歌山県和歌山市美園町5-7-8(パーク美園町ビル5F・6,N/A,N/A,N/A,https://sp-sukusuku.jp/kyoushitsu/s18000123682,34.2311151,135.1905101
井口英語ゼミ,学習塾,和歌山県和歌山市吹上４丁目２－３０,N/A,N/A,N/A,https://sp-sukusuku.jp/kyoushitsu/s18000032916,34.2162222,135.1721696
ナビ個別指導学院 和歌山東校,学習塾,和歌山県和歌山市園部1416　園部堀口テナントＡ北２階２Ｆ,N/A,N/A,N/A,https://sp-sukusuku.jp/kyoushitsu/s18000123940,34.2625821,135.1963041
ＫＥＧ／本部,学習塾,和歌山県和歌山市友田町２丁目１４５,N/A,N/A,N/A,https://sp-sukusuku.jp/kyoushitsu/s18000032573,34.2319133,135.1854626
エンジェル保育園,幼児教室,和歌山県和歌山市新通５丁目１７,N/A,N/A,N/A,https://sp-sukusuku.jp/kyoushitsu/s18000053605,34.2319111,135.1797755
葛本そろばん教室,書道・習字,和歌山県和歌山市毛見２９５－３１,N/A,N/A,N/A,https://sp-sukusuku.jp/kyoushitsu/s18000056926,34.1676274,135.1960214
嶌本塾,学習塾,和歌山県和歌山市湊３１３８,N/A,N/A,N/A,https://sp-sukusuku.jp/kyoushitsu/s18000032739,34.2192272,135.1626012
ヤマハ音楽教室 名草幼稚園,音楽教室,和歌山県和歌山市紀三井寺520,N/A,N/A,N/A,https://sp-sukusuku.jp/kyoushitsu/s18000123895,34.1754811,135.1894768
暁星セミナー,学習塾,和歌山県和歌山市太田１３０－１,N/A,N/A,N/A,https://sp-sukusuku.jp/kyoushitsu/s18000032698,34.22767839999999,135.1986544
公文式 日進中前教室・内原教室 ほか,幼児教室,和歌山県和歌山市秋月560-3・内原970-5・黒田,N/A,N/A,N/A,https://sp-sukusuku.jp/kyoushitsu/s18000123707,34.2273614,135.2042751
知念響フラメンコ教室,ダンス,和歌山県和歌山市,N/A,N/A,N/A,https://sp-sukusuku.jp/kyoushitsu/s18000123679,34.2303678,135.1707405
個別指導Ｗａｍ／宮前校,学習塾,和歌山県和歌山市中島４５－１９,N/A,N/A,N/A,https://sp-sukusuku.jp/kyoushitsu/s18000032685,34.213636,135.1891202
喜望ゼミナール個別指導パーソナルワン,学習塾,和歌山県和歌山市吹屋町５丁目４０－５,N/A,N/A,N/A,https://sp-sukusuku.jp/kyoushitsu/s18000032803,34.2253685,135.1903821
個別指導のスクールIE　西ノ庄校,学習塾,和歌山県和歌山市西庄338-34レスペート西庄31F,N/A,N/A,N/A,https://sp-sukusuku.jp/kyoushitsu/s18000123729,34.2583675,135.1154347
能開プレスクール和歌山校,学習塾,和歌山県和歌山市太田３９１－１,N/A,N/A,N/A,https://sp-sukusuku.jp/kyoushitsu/s18000027617,34.22933450000001,135.197424
砂山少年剣友会　立誠館道場,剣道,和歌山県和歌山市砂山南2丁目1-52砂山小学校体育館,N/A,N/A,N/A,https://sp-sukusuku.jp/kyoushitsu/s18000123694,34.2182324,135.1624805
ジストスポーツクラブ和歌山,スイミング・水泳,和歌山県和歌山市中野30,N/A,N/A,N/A,https://sp-sukusuku.jp/kyoushitsu/s18000123972,34.2548743,135.1389349
Ｐｉｃｋこども体育館,新体操,和歌山県和歌山市向１４４－１５,N/A,N/A,N/A,https://sp-sukusuku.jp/kyoushitsu/s18000051966,34.2581617,135.1446803
河合サテライト松島校,学習塾,和歌山県和歌山市松島１２０－１７,N/A,N/A,N/A,https://sp-sukusuku.jp/kyoushitsu/s18000032605,34.2481778,135.2117489
個別指導Axis 紀ノ川北校,学習塾,和歌山県和歌山市向153-1スクウェア延時ビル,N/A,N/A,N/A,https://sp-sukusuku.jp/kyoushitsu/s18000123743,34.2582393,135.1439508
岩橋珠算教室,書道・習字,和歌山県和歌山市杭ノ瀬１８０－３０,N/A,N/A,N/A,https://sp-sukusuku.jp/kyoushitsu/s18000056900,34.21040130000001,135.1955584
個別指導Ｗａｍ／和歌山駅前校,学習塾,和歌山県和歌山市美園町４丁目８１,N/A,N/A,N/A,https://sp-sukusuku.jp/kyoushitsu/s18000032765,34.2307763,135.1892269
個別指導Axis 和歌浦校,学習塾,和歌山県和歌山市和歌浦東1-2-36,N/A,N/A,N/A,https://sp-sukusuku.jp/kyoushitsu/s18000123733,34.1953594,135.1699382
能開センター／個別指導Ａｘｉｓ／個別小松原校,学習塾,和歌山県和歌山市吹上４丁目１－１,N/A,N/A,N/A,https://sp-sukusuku.jp/kyoushitsu/s18000032727,34.2169155,135.1697564
学研 貴志南教室,学習塾,和歌山県和歌山市中76-5,N/A,N/A,N/A,https://sp-sukusuku.jp/kyoushitsu/s18000123825,34.2585489,135.1418184
第一ゼミナール／南海和歌山市駅校,学習塾,和歌山県和歌山市東蔵前丁３－１７－３Ｆ,N/A,N/A,N/A,https://sp-sukusuku.jp/kyoushitsu/s18000032582,34.2359097,135.1660455
ファロス個別指導学院南海和歌山市駅教室,学習塾,和歌山県和歌山市東蔵前丁３－１７－３Ｆ,N/A,N/A,N/A,https://sp-sukusuku.jp/kyoushitsu/s18000032677,34.2359097,135.1660455
ＮＥＸＴ大学受験予備校六十谷駅前校,学習塾,和歌山県和歌山市六十谷３４６,N/A,N/A,N/A,https://sp-sukusuku.jp/kyoushitsu/s18000032742,34.2616717,135.2070209
京進スクール・ワン榎原教室,学習塾,和歌山県和歌山市榎原８０－１,N/A,N/A,N/A,https://sp-sukusuku.jp/kyoushitsu/s18000032773,34.25509040000001,135.1348138
Ｎ’Ｓ進学ゼミ,学習塾,和歌山県和歌山市布施屋６－４,N/A,N/A,N/A,https://sp-sukusuku.jp/kyoushitsu/s18000032548,34.2425302,135.2603128
公文式／吹上・砂山・片男波教室,学習塾,和歌山県和歌山市堀止東１丁目２－２１,N/A,N/A,N/A,https://sp-sukusuku.jp/kyoushitsu/s18000032561,34.2144393,135.171548
PETERSOXこども英語教室,英語・英会話,和歌山県和歌山市福町28ハウスブルーネ103,N/A,N/A,N/A,https://sp-sukusuku.jp/kyoushitsu/s18000123987,34.2329235,135.1722975
ナビ個別指導学院 和歌山西校,学習塾,和歌山県和歌山市屋形町4-18-1F,N/A,N/A,N/A,https://sp-sukusuku.jp/kyoushitsu/s18000123941,34.22495019999999,135.1785047
栗栖学習塾,学習塾,和歌山県和歌山市岩橋７２９－６,N/A,N/A,N/A,https://sp-sukusuku.jp/kyoushitsu/s18000032870,34.2406094,135.2315696
学習塾・進学塾　喜望ゼミナール,幼児教室,和歌山県和歌山市吹屋町5丁目2,N/A,N/A,N/A,https://sp-sukusuku.jp/kyoushitsu/s18000123769,34.2261813,135.1902668
健心館　畠中道場,柔道,和歌山県和歌山市和歌浦西一丁目4-11,N/A,N/A,N/A,https://sp-sukusuku.jp/kyoushitsu/s18000123748,34.1963273,135.169434
和歌山ＹＭＣＡＹキッズアカデミー,幼児教室,和歌山県和歌山市太田１丁目１２－１３,N/A,N/A,N/A,https://sp-sukusuku.jp/kyoushitsu/s18000053611,34.2315944,135.193656
ベスト進学塾,学習塾,和歌山県和歌山市六十谷１０４１－１,N/A,N/A,N/A,https://sp-sukusuku.jp/kyoushitsu/s18000032805,34.2623753,135.1992033
浜学園和歌山教室,学習塾,和歌山県和歌山市美園町５丁目７－８,N/A,N/A,N/A,https://sp-sukusuku.jp/kyoushitsu/s18000032711,34.2311151,135.1905101
秀栄塾松島校,学習塾,和歌山県和歌山市松島１２０－２７,N/A,N/A,N/A,https://sp-sukusuku.jp/kyoushitsu/s18000032732,34.2473469,135.2114562
学伸塾,学習塾,和歌山県和歌山市松ケ丘２丁目１－２４,N/A,N/A,N/A,https://sp-sukusuku.jp/kyoushitsu/s18000032651,34.2024729,135.1654697
公文式／紀伊弘西教室,学習塾,和歌山県和歌山市弘西８０９,N/A,N/A,N/A,https://sp-sukusuku.jp/kyoushitsu/s18000032600,34.2668872,135.2425221
紀州錬武館葵道場,空手・拳法,和歌山県和歌山市小松原６丁目６－３３,N/A,N/A,N/A,https://sp-sukusuku.jp/kyoushitsu/s18000001235,34.2169396,135.1665779
EQWELチャイルドアカデミーMickey教室,幼児教室,和歌山県和歌山市宇田森109,N/A,N/A,N/A,https://sp-sukusuku.jp/kyoushitsu/s18000124008,34.2603148,135.2474754
トップウェルネス　和歌山,バレエ,和歌山県和歌山市北出島1丁目5-48(国体道路),N/A,N/A,N/A,https://sp-sukusuku.jp/kyoushitsu/s18000123951,34.2220018,135.1901996
Ｄｒ関塾紀三井寺校,学習塾,和歌山県和歌山市紀三井寺７４８－３,N/A,N/A,N/A,https://sp-sukusuku.jp/kyoushitsu/s18000032830,34.1860775,135.1867061
ＧＥＳ／小松原校,学習塾,和歌山県和歌山市小松原５丁目７－３,N/A,N/A,N/A,https://sp-sukusuku.jp/kyoushitsu/s18000032771,34.217287,135.1692811
個別指導Ｗａｍ／川永校,学習塾,和歌山県和歌山市島２６－１４,N/A,N/A,N/A,https://sp-sukusuku.jp/kyoushitsu/s18000032816,34.2619461,135.2534277
ナビ個別指導学院 和歌山北校,学習塾,和歌山県和歌山市榎原88-1センチュリーパレス泰苑1F,N/A,N/A,N/A,https://sp-sukusuku.jp/kyoushitsu/s18000123939,34.254254,135.1358939
学習塾松江教室,学習塾,和歌山県和歌山市榎原１４０－１８,N/A,N/A,N/A,https://sp-sukusuku.jp/kyoushitsu/s18000032881,34.2541202,135.131888
こたにピアノ教室,ピアノ,和歌山県和歌山市湊南海和歌山港駅より徒歩5分,N/A,N/A,N/A,https://sp-sukusuku.jp/kyoushitsu/s18000123974,34.217234,135.146495
EQWELチャイルドアカデミー和歌山北教室,幼児教室,和歌山県和歌山市次郎丸98-4フタバビル3F,N/A,N/A,N/A,https://sp-sukusuku.jp/kyoushitsu/s18000124003,34.2534972,135.1455585
能開センター／個別指導Ａｘｉｓ／個別神前校,学習塾,和歌山県和歌山市神前１４６－１－１Ｆ,N/A,N/A,N/A,https://sp-sukusuku.jp/kyoushitsu/s18000032657,34.216723,135.2049974
賢伸ゼミナール,学習塾,和歌山県和歌山市内原８９５－３－１０２,N/A,N/A,N/A,https://sp-sukusuku.jp/kyoushitsu/s18000032687,34.1711889,135.1934865
α特進塾和歌山本部教室,学習塾,和歌山県和歌山市相坂５９７－１,N/A,N/A,N/A,https://sp-sukusuku.jp/kyoushitsu/s18000032802,34.2006744,135.2259135
勝商塾千旦団地前教室,学習塾,和歌山県和歌山市禰宜１５８９,N/A,N/A,N/A,https://sp-sukusuku.jp/kyoushitsu/s18000032546,34.243114,135.2448729
河合塾マナビス／和歌山駅前校,学習塾,和歌山県和歌山市太田１丁目１４－１１,N/A,N/A,N/A,https://sp-sukusuku.jp/kyoushitsu/s18000032627,34.2317454,135.1927781
進学教室ネクスト／高積校,学習塾,和歌山県和歌山市東田中１７－３,N/A,N/A,N/A,https://sp-sukusuku.jp/kyoushitsu/s18000032800,34.2413914,135.2855656
進学予備校学錬館,学習塾,和歌山県和歌山市太田３丁目６－９,N/A,N/A,N/A,https://sp-sukusuku.jp/kyoushitsu/s18000032654,34.2311746,135.1969089
株式会社ＫＥＧキャリア・アカデミー,学習塾,和歌山県和歌山市友田町２丁目１４５,N/A,N/A,N/A,https://sp-sukusuku.jp/kyoushitsu/s18000032796,34.2319133,135.1854626
EQWELチャイルドアカデミー紀三井寺教室,幼児教室,和歌山県和歌山市布引618-1,N/A,N/A,N/A,https://sp-sukusuku.jp/kyoushitsu/s18000124005,34.1734058,135.1864196
ＥＣＯゼミナール,学習塾,和歌山県和歌山市杭ノ瀬１１１－１,N/A,N/A,N/A,https://sp-sukusuku.jp/kyoushitsu/s18000032631,34.2134239,135.1917847
和歌山YMCA,新体操,和歌山県和歌山市太田１丁目12-13,N/A,N/A,N/A,https://sp-sukusuku.jp/kyoushitsu/s18000123641,34.2315944,135.193656
能開センター／和歌山校／高校部,学習塾,和歌山県和歌山市黒田１丁目４－１６,N/A,N/A,N/A,https://sp-sukusuku.jp/kyoushitsu/s18000032858,34.2334225,135.1926427
教育センター和歌山,学習塾,和歌山県和歌山市美園町５丁目１２－２,N/A,N/A,N/A,https://sp-sukusuku.jp/kyoushitsu/s18000032834,34.2313604,135.191009
尾﨑学習塾,学習塾,和歌山県和歌山市六十谷９８６,N/A,N/A,N/A,https://sp-sukusuku.jp/kyoushitsu/s18000032912,34.2639278,135.2020463
ウィル（ＷＩＬＬ）総合学習塾紀三井寺校,学習塾,和歌山県和歌山市紀三井寺５１９－１,N/A,N/A,N/A,https://sp-sukusuku.jp/kyoushitsu/s18000032575,34.1752628,135.1890999
学研 本町教室,学習塾,和歌山県和歌山市西釘貫丁3丁目13-1グランドハイツ本町5,N/A,N/A,N/A,https://sp-sukusuku.jp/kyoushitsu/s18000123779,34.2400481,135.1728158
学研 パーム教室,学習塾,和歌山県和歌山市中野1-43,N/A,N/A,N/A,https://sp-sukusuku.jp/kyoushitsu/s18000123848,34.2583682,135.1410639
スクールＩＥ,学習塾,和歌山県和歌山市手平５丁目１－１５,N/A,N/A,N/A,https://sp-sukusuku.jp/kyoushitsu/s18000032579,34.2158606,135.1867061
有限会社ピアノアンドフォルテ,ピアノ,和歌山県和歌山市鳴神４００－６,N/A,N/A,N/A,https://sp-sukusuku.jp/kyoushitsu/s18000048821,34.2302035,135.2171768
標準関西和歌山校,学習塾,和歌山県和歌山市九番丁１０,N/A,N/A,N/A,https://sp-sukusuku.jp/kyoushitsu/s18000032670,34.2313417,135.17147
ヤマハ音楽教室 古屋センター,音楽教室,和歌山県和歌山市古屋171-1本田ビル2F,N/A,N/A,N/A,https://sp-sukusuku.jp/kyoushitsu/s18000123914,34.2535619,135.1219441
ＧＥＳ／西庄校,学習塾,和歌山県和歌山市西庄３３７－２,N/A,N/A,N/A,https://sp-sukusuku.jp/kyoushitsu/s18000032908,34.2573178,135.1159498
ジーニアス英数塾,学習塾,和歌山県和歌山市内原８４６,N/A,N/A,N/A,https://sp-sukusuku.jp/kyoushitsu/s18000032909,34.1729024,135.1950982
学研 イング藤戸台教室,学習塾,和歌山県和歌山市栄谷976-134紀州ソロバン内,N/A,N/A,N/A,https://sp-sukusuku.jp/kyoushitsu/s18000123858,34.2720413,135.1543272
学研 杭ノ瀬教室,学習塾,和歌山県和歌山市杭ノ瀬134-6,N/A,N/A,N/A,https://sp-sukusuku.jp/kyoushitsu/s18000123817,34.2100633,135.1923429
学研 田尻教室,学習塾,和歌山県和歌山市田尻429,N/A,N/A,N/A,https://sp-sukusuku.jp/kyoushitsu/s18000123794,34.2041554,135.1960521
明光義塾 和歌山駅前教室,学習塾,和歌山県和歌山市太田1-11-13,N/A,N/A,N/A,https://sp-sukusuku.jp/kyoushitsu/s18000123646,34.2315765,135.1930524
セルモ 和歌山本部教室,学習塾,和歌山県和歌山市新高町9-19,N/A,N/A,N/A,https://sp-sukusuku.jp/kyoushitsu/s18000123958,34.2024747,135.1662532
ヤマハ音楽教室 小倉センタ-,音楽教室,和歌山県和歌山市大垣内44,N/A,N/A,N/A,https://sp-sukusuku.jp/kyoushitsu/s18000123910,34.2448961,135.279445
能開センター 和歌山校(中学部),学習塾,和歌山県和歌山市黒田1-4-16能開ビル5F,N/A,N/A,N/A,https://sp-sukusuku.jp/kyoushitsu/s18000123655,34.2360156,135.1995303
個別指導Axis 和歌山校,学習塾,和歌山県和歌山市黒田1-4-16能開ビル4F,N/A,N/A,N/A,https://sp-sukusuku.jp/kyoushitsu/s18000123732,34.2360156,135.1995303
少林寺拳法和歌山北道院,空手・拳法,和歌山県和歌山市北野１２９－４,N/A,N/A,N/A,https://sp-sukusuku.jp/kyoushitsu/s18000002739,34.2653371,135.2498779
学研 内原教室,学習塾,和歌山県和歌山市内原888-15,N/A,N/A,N/A,https://sp-sukusuku.jp/kyoushitsu/s18000123791,34.1726987,135.1933451
進学教室ネクスト／こぐま会高松教室,学習塾,和歌山県和歌山市堀止南ノ丁４－２４,N/A,N/A,N/A,https://sp-sukusuku.jp/kyoushitsu/s18000032859,34.2117415,135.1707344
日本空手協会 和歌山支部,空手・拳法,和歌山県和歌山市栄谷,N/A,N/A,N/A,https://sp-sukusuku.jp/kyoushitsu/s18000123666,34.2303678,135.1707405
パルポート／太田,スイミング・水泳,和歌山県和歌山市太田２丁目２－１０,N/A,N/A,N/A,https://sp-sukusuku.jp/kyoushitsu/s18000051126,34.2295432,135.1961436
ＧＥＳ／明和校,学習塾,和歌山県和歌山市内原９２５－１,N/A,N/A,N/A,https://sp-sukusuku.jp/kyoushitsu/s18000032647,34.1711912,135.1920617
セレッソ大阪サッカースクール<和歌山北校・和歌山校>,サッカー・フットサル,和歌山県和歌山市中之島1495中ノ島公園グラウンド,N/A,N/A,N/A,https://sp-sukusuku.jp/kyoushitsu/s18000123956,34.2394888,135.1871633
個別指導Ｗａｍ／西脇校,学習塾,和歌山県和歌山市西庄３８９－１－１０２,N/A,N/A,N/A,https://sp-sukusuku.jp/kyoushitsu/s18000032640,34.2588923,135.112498
京進スクール・ワン 榎原教室,学習塾,和歌山県和歌山市榎原80-1,N/A,N/A,N/A,https://sp-sukusuku.jp/kyoushitsu/s18000123761,34.25509040000001,135.1348138
サウンドポケット,ピアノ,和歌山県和歌山市塩屋５丁目５－４３,N/A,N/A,N/A,https://sp-sukusuku.jp/kyoushitsu/s18000048839,34.1990851,135.1789731
練心館学習塾,学習塾,和歌山県和歌山市紀三井寺７３６－１１,N/A,N/A,N/A,https://sp-sukusuku.jp/kyoushitsu/s18000032864,34.1879672,135.1854836
明光義塾 和大前駅前教室,学習塾,和歌山県和歌山市中573-19ふじと台ステーションビル4,N/A,N/A,N/A,https://sp-sukusuku.jp/kyoushitsu/s18000123642,34.2762025,135.1472121
ブレインズ小学受験会,学習塾,和歌山県和歌山市六十谷７４９,N/A,N/A,N/A,https://sp-sukusuku.jp/kyoushitsu/s18000032652,34.2622459,135.2023485
合気道六十谷道場,合気道,和歌山県和歌山市六十谷４９２－５,N/A,N/A,N/A,https://sp-sukusuku.jp/kyoushitsu/s18000002279,34.2650929,135.2057477
ギャリー・ナコウ英会話教室,学習塾,和歌山県和歌山市川辺１７２－３,N/A,N/A,N/A,https://sp-sukusuku.jp/kyoushitsu/s18000032622,34.2577084,135.2638535
スタッド 松島教室,学習塾,和歌山県和歌山市松島254-21,N/A,N/A,N/A,https://sp-sukusuku.jp/kyoushitsu/s18000123967,34.2407978,135.210834
セルモ和歌山本部校,学習塾,和歌山県和歌山市新高町９－１８,N/A,N/A,N/A,https://sp-sukusuku.jp/kyoushitsu/s18000032890,34.2023645,135.1662267
江川珠算塾,書道・習字,和歌山県和歌山市古屋５７－１２,N/A,N/A,N/A,https://sp-sukusuku.jp/kyoushitsu/s18000056897,34.2573214,135.1207223
能開センター 紀ノ川北校,学習塾,和歌山県和歌山市向153-1スクウェア延時ビル,N/A,N/A,N/A,https://sp-sukusuku.jp/kyoushitsu/s18000123662,34.2582393,135.1439508
能開センター／個別指導Ａｘｉｓ／個別和歌山校,学習塾,和歌山県和歌山市黒田１丁目４－１６,N/A,N/A,N/A,https://sp-sukusuku.jp/kyoushitsu/s18000032588,34.2334225,135.1926427
学研 しかごう教室,学習塾,和歌山県和歌山市有本371-2,N/A,N/A,N/A,https://sp-sukusuku.jp/kyoushitsu/s18000123852,34.2504387,135.2022054
すくすく知育教室,幼児教室,和歌山県和歌山市杭ノ瀬157-24,N/A,N/A,N/A,https://sp-sukusuku.jp/kyoushitsu/s18000123971,34.2112127,135.1941354
学研 北島教室,学習塾,和歌山県和歌山市北島331ー3,N/A,N/A,N/A,https://sp-sukusuku.jp/kyoushitsu/s18000123780,34.241597,135.1556096
個別指導Axis 楠見校,学習塾,和歌山県和歌山市粟248キューブN,N/A,N/A,N/A,https://sp-sukusuku.jp/kyoushitsu/s18000123735,34.2532573,135.1733478
こそね教室,学習塾,和歌山県和歌山市西小二里１丁目３－３５,N/A,N/A,N/A,https://sp-sukusuku.jp/kyoushitsu/s18000032703,34.2055212,135.1636172
ITTO個別指導学院 有本校,学習塾,和歌山県和歌山市有本8-5,N/A,N/A,N/A,https://sp-sukusuku.jp/kyoushitsu/s18000123993,34.2445002,135.191374
Ｂｅｇｉｎ,学習塾,和歌山県和歌山市松島１２０－２７,N/A,N/A,N/A,https://sp-sukusuku.jp/kyoushitsu/s18000032633,34.2473469,135.2114562
アップル幼児教室,幼児教室,和歌山県和歌山市友田町２丁目１４５,N/A,N/A,N/A,https://sp-sukusuku.jp/kyoushitsu/s18000053610,34.2319133,135.1854626
秀英塾,学習塾,和歌山県和歌山市園部９７,N/A,N/A,N/A,https://sp-sukusuku.jp/kyoushitsu/s18000032666,34.2688154,135.1914227
学研 山口教室,学習塾,和歌山県和歌山市湯屋谷15-1,N/A,N/A,N/A,https://sp-sukusuku.jp/kyoushitsu/s18000123812,34.2776169,135.2749557
mash art チョークアート教室,絵画・造形,和歌山県和歌山市狐島379,N/A,N/A,N/A,https://sp-sukusuku.jp/kyoushitsu/s18000123990,34.244564,135.1516068
ＧＥＳ／ターミナル校２号館,学習塾,和歌山県和歌山市太田１丁目１３－２１,N/A,N/A,N/A,https://sp-sukusuku.jp/kyoushitsu/s18000032753,34.2318294,135.1935807
江並塾,学習塾,和歌山県和歌山市松江中３丁目６－１９,N/A,N/A,N/A,https://sp-sukusuku.jp/kyoushitsu/s18000032743,34.2476983,135.1320943
紀州学習塾,学習塾,和歌山県和歌山市上町４６,N/A,N/A,N/A,https://sp-sukusuku.jp/kyoushitsu/s18000032885,34.2295638,135.1623756
学研 加納教室,学習塾,和歌山県和歌山市加納6-23,N/A,N/A,N/A,https://sp-sukusuku.jp/kyoushitsu/s18000123837,34.25132809999999,135.2069315
ナルミ音楽教室バイエル,ピアノ,和歌山県和歌山市本町２丁目１０,N/A,N/A,N/A,https://sp-sukusuku.jp/kyoushitsu/s18000048845,34.2344425,135.1744549
イクウェル（ＥＱＷＥＬ）チャイルドアカデミー和歌山北教室,幼児教室,和歌山県和歌山市次郎丸９８－４,N/A,N/A,N/A,https://sp-sukusuku.jp/kyoushitsu/s18000053612,34.2534972,135.1455585
極真会館 和歌山支部 和歌浦教室,空手・拳法,和歌山県和歌山市和歌浦東1-1-12,N/A,N/A,N/A,https://sp-sukusuku.jp/kyoushitsu/s18000123752,34.1967452,135.1700306
個別指導Axis 小松原校,学習塾,和歌山県和歌山市吹上4-1-1アズマハウス吹上ビル,N/A,N/A,N/A,https://sp-sukusuku.jp/kyoushitsu/s18000123739,34.2169155,135.1697564
学研 楠見教室,学習塾,和歌山県和歌山市大谷34-1(カフェ・ド・ベル内),N/A,N/A,N/A,https://sp-sukusuku.jp/kyoushitsu/s18000123789,34.258595,135.180747
紀州武道塾,柔道,和歌山県和歌山市葵町11-21　葵道場、和歌山放送カルチャー,N/A,N/A,N/A,https://sp-sukusuku.jp/kyoushitsu/s18000123763,34.2130067,135.1629563
公文式／小雑賀教室,学習塾,和歌山県和歌山市小雑賀１１０,N/A,N/A,N/A,https://sp-sukusuku.jp/kyoushitsu/s18000032699,34.2038023,135.1815584
ＴＳ進学塾／木ノ本教室,学習塾,和歌山県和歌山市木ノ本１２２－１,N/A,N/A,N/A,https://sp-sukusuku.jp/kyoushitsu/s18000040957,34.2568754,135.1255346
和教学院,学習塾,和歌山県和歌山市新庄３９１,N/A,N/A,N/A,https://sp-sukusuku.jp/kyoushitsu/s18000032710,34.2303678,135.1707405
学研教室／和歌山事務局,学習塾,和歌山県和歌山市太田２丁目１４－１１－２０２,N/A,N/A,N/A,https://sp-sukusuku.jp/kyoushitsu/s18000032567,34.2322227,135.1960704
学研 西高松教室,学習塾,和歌山県和歌山市西高松2丁目11-45,N/A,N/A,N/A,https://sp-sukusuku.jp/kyoushitsu/s18000123804,34.2054339,135.1686961
開成アカデミー 和歌山駅前校,学習塾,和歌山県和歌山市美園町5丁目3-1雑村ビル4F,N/A,N/A,N/A,https://sp-sukusuku.jp/kyoushitsu/s18000123862,34.23074709999999,135.1897159
株式会社喜望ゼミナール本部,学習塾,和歌山県和歌山市吹屋町５丁目２,N/A,N/A,N/A,https://sp-sukusuku.jp/kyoushitsu/s18000032541,34.2261813,135.1902668
合気道神武塾道場,合気道,和歌山県和歌山市津秦１３８－５,N/A,N/A,N/A,https://sp-sukusuku.jp/kyoushitsu/s18000002275,34.2180934,135.2027631
堀川塾,学習塾,和歌山県和歌山市関戸１丁目４－５７,N/A,N/A,N/A,https://sp-sukusuku.jp/kyoushitsu/s18000032634,34.2017085,135.1677139
明光義塾和歌山駅前教室,学習塾,和歌山県和歌山市太田１丁目１１－１３－３Ｆ－Ｄ,N/A,N/A,N/A,https://sp-sukusuku.jp/kyoushitsu/s18000032763,34.2315765,135.1930524
明星塾／秋月教室,学習塾,和歌山県和歌山市秋月８５－１３,N/A,N/A,N/A,https://sp-sukusuku.jp/kyoushitsu/s18000032847,34.2345657,135.206077
ＧＥＳ／楠見校,学習塾,和歌山県和歌山市善明寺３０１,N/A,N/A,N/A,https://sp-sukusuku.jp/kyoushitsu/s18000032694,34.2616086,135.1864684
喜望ゼミナール知能教育トライアングル,学習塾,和歌山県和歌山市吹屋町５丁目４０－５,N/A,N/A,N/A,https://sp-sukusuku.jp/kyoushitsu/s18000032719,34.2253685,135.1903821
学研 直川小学校前教室,学習塾,和歌山県和歌山市直川1233-8,N/A,N/A,N/A,https://sp-sukusuku.jp/kyoushitsu/s18000123797,34.2626926,135.2162138
能開センター／和歌山校／小学部,学習塾,和歌山県和歌山市太田１丁目９－９,N/A,N/A,N/A,https://sp-sukusuku.jp/kyoushitsu/s18000032607,34.2312643,135.1923391
ヤマハ音楽教室 ふじと台センター,音楽教室,和歌山県和歌山市中573-19エスタシオン東棟2F,N/A,N/A,N/A,https://sp-sukusuku.jp/kyoushitsu/s18000123925,34.2764034,135.1474771
ヤマハ音楽教室 六十谷センター,音楽教室,和歌山県和歌山市六十谷748MMKビル3F,N/A,N/A,N/A,https://sp-sukusuku.jp/kyoushitsu/s18000123893,34.2687685,135.2032778
パルポート／ワカヤマ,スイミング・水泳,和歌山県和歌山市湊御殿１丁目１－１,N/A,N/A,N/A,https://sp-sukusuku.jp/kyoushitsu/s18000051130,34.2230832,135.1581398
学研 大浦スマイル教室,学習塾,和歌山県和歌山市西浜1079-7,N/A,N/A,N/A,https://sp-sukusuku.jp/kyoushitsu/s18000123802,34.1919337,135.1537338
PETERSOX こども将棋教室,学習塾,和歌山県和歌山市福島28ハウスブルーネ1F,N/A,N/A,N/A,https://sp-sukusuku.jp/kyoushitsu/s18000123988,34.2475763,135.1646562
大河内珠算会,書道・習字,和歌山県和歌山市大河内５３３－４,N/A,N/A,N/A,https://sp-sukusuku.jp/kyoushitsu/s18000056920,34.1965851,135.2607815
和歌山武道館剣道錬成クラブ,剣道,和歌山県和歌山市和歌浦西2丁目1-22県立武道館、西浜11,N/A,N/A,N/A,https://sp-sukusuku.jp/kyoushitsu/s18000123637,34.1911832,135.1658992
山本忠男,書道・習字,和歌山県和歌山市島橋東ノ丁３－２３,N/A,N/A,N/A,https://sp-sukusuku.jp/kyoushitsu/s18000056932,34.2449275,135.1491145
学研 大新教室,学習塾,和歌山県和歌山市新堺丁38(田村将棋・囲碁店1階),N/A,N/A,N/A,https://sp-sukusuku.jp/kyoushitsu/s18000123801,34.2341901,135.1793824
学研 有功教室,学習塾,和歌山県和歌山市園部1037-4コーポラスそのべ2-1号,N/A,N/A,N/A,https://sp-sukusuku.jp/kyoushitsu/s18000123776,34.2699868,135.1908075
ムービンハイダンススタジオ,バレエ,和歌山県和歌山市友田町4-50ゴトウ本店JR和歌山駅前店2階,N/A,N/A,N/A,https://sp-sukusuku.jp/kyoushitsu/s18000123934,34.2321128,135.189303
田尻学泉会,学習塾,和歌山県和歌山市田尻２３０－６,N/A,N/A,N/A,https://sp-sukusuku.jp/kyoushitsu/s18000032784,34.2066003,135.1991618
木上塾大新教室,学習塾,和歌山県和歌山市岡円福院東ノ丁２５,N/A,N/A,N/A,https://sp-sukusuku.jp/kyoushitsu/s18000032922,34.2339653,135.1828775
新極真会　和歌山支部　市民体育館道場・紀三井寺道場,空手・拳法,和歌山県和歌山市土入市民体育館、紀三井寺739-1、鳴神1,N/A,N/A,N/A,https://sp-sukusuku.jp/kyoushitsu/s18000123684,34.2530282,135.1393587
智辯進学スクール,学習塾,和歌山県和歌山市黒田２丁目２－２２,N/A,N/A,N/A,https://sp-sukusuku.jp/kyoushitsu/s18000032572,34.2327793,135.1960704
個別指導ゴールウェイ,学習塾,和歌山県和歌山市吉田４６４,N/A,N/A,N/A,https://sp-sukusuku.jp/kyoushitsu/s18000032590,34.2348238,135.1892208
公文式／秋葉山教室,学習塾,和歌山県和歌山市秋葉町２７－２６,N/A,N/A,N/A,https://sp-sukusuku.jp/kyoushitsu/s18000032925,34.1996646,135.1695381
和歌山ラグビースクール,ラグビー/サッカー・フットサル,和歌山県和歌山市　紀三井寺運動公園（球技場・陸上競技場）、市,N/A,N/A,N/A,https://sp-sukusuku.jp/kyoushitsu/s18000123640,34.1667273,135.1917964
明光義塾 和歌山小松原教室,学習塾,和歌山県和歌山市小松原6-1-8福寿金庫ビル2F,N/A,N/A,N/A,https://sp-sukusuku.jp/kyoushitsu/s18000123645,34.21638170000001,135.1693542
八幡台ジュニアサッカークラブ,サッカー・フットサル,和歌山県和歌山市西庄　八幡台小学校,N/A,N/A,N/A,https://sp-sukusuku.jp/kyoushitsu/s18000123654,34.2650856,135.1163521
藤井計算実務学校,書道・習字,和歌山県和歌山市太田５８６,N/A,N/A,N/A,https://sp-sukusuku.jp/kyoushitsu/s18000056935,34.23156700000001,135.1984469
ＩＴＴＯ個別指導学院有本校,学習塾,和歌山県和歌山市有本８－５,N/A,N/A,N/A,https://sp-sukusuku.jp/kyoushitsu/s18000032754,34.2445002,135.191374
Bright Child,英語・英会話,和歌山県和歌山市,N/A,N/A,N/A,https://sp-sukusuku.jp/kyoushitsu/s18000124012,34.2303678,135.1707405
進学塾エッグ広瀬校,学習塾,和歌山県和歌山市広瀬通丁１丁目２４,N/A,N/A,N/A,https://sp-sukusuku.jp/kyoushitsu/s18000032842,34.2261108,135.1804704
智辯医学部進学ゼミ,学習塾,和歌山県和歌山市黒田２丁目２－２２,N/A,N/A,N/A,https://sp-sukusuku.jp/kyoushitsu/s18000032799,34.2327793,135.1960704
学研 松ヶ丘教室,学習塾,和歌山県和歌山市松ヶ丘1丁目7-14,N/A,N/A,N/A,https://sp-sukusuku.jp/kyoushitsu/s18000123810,34.2303678,135.1707405
学研 安原ふゆの教室,学習塾,和歌山県和歌山市冬野223-25,N/A,N/A,N/A,https://sp-sukusuku.jp/kyoushitsu/s18000123842,34.1923022,135.2129727
個別指導Ｗａｍ／河西貴志校／高等部,学習塾,和歌山県和歌山市土入２１－９,N/A,N/A,N/A,https://sp-sukusuku.jp/kyoushitsu/s18000032866,34.253673,135.1414474
東進衛星予備校 和歌山鳴滝校,学習塾,和歌山県和歌山市園部596-170,N/A,N/A,N/A,https://sp-sukusuku.jp/kyoushitsu/s18000123672,34.2637571,135.1885378
スプラウト和歌山サッカークラブ,サッカー・フットサル,和歌山県和歌山市北出島　和歌山東公園,N/A,N/A,N/A,https://sp-sukusuku.jp/kyoushitsu/s18000123959,34.2187193,135.1997756
学研 貴志教室,学習塾,和歌山県和歌山市栄谷893-8久保ビル1階,N/A,N/A,N/A,https://sp-sukusuku.jp/kyoushitsu/s18000123826,34.2595786,135.1501175
SSS進学教室 千旦団地前教室,学習塾,和歌山県和歌山市禰宜1589,N/A,N/A,N/A,https://sp-sukusuku.jp/kyoushitsu/s18000123986,34.243114,135.2448729
ＡＢＥＬ総合進学塾,学習塾,和歌山県和歌山市湊通丁南１丁目１－２,N/A,N/A,N/A,https://sp-sukusuku.jp/kyoushitsu/s18000032903,34.2240009,135.1689901
WAKAYAMA Continental Family,音楽教室,和歌山県和歌山市民会館,N/A,N/A,N/A,https://sp-sukusuku.jp/kyoushitsu/s18000123985,34.2303678,135.1707405
学習塾リーフ,学習塾,和歌山県和歌山市和歌浦東２丁目８－２０,N/A,N/A,N/A,https://sp-sukusuku.jp/kyoushitsu/s18000032717,34.1903701,135.1750948
個別指導Ｗａｍ／六十谷校,学習塾,和歌山県和歌山市六十谷７４８－２０１,N/A,N/A,N/A,https://sp-sukusuku.jp/kyoushitsu/s18000032623,34.2621848,135.2028755
パルポート／紀の川,スイミング・水泳,和歌山県和歌山市栄谷１２５,N/A,N/A,N/A,https://sp-sukusuku.jp/kyoushitsu/s18000051120,34.2575243,135.1548231
明星塾／西浜教室,学習塾,和歌山県和歌山市西浜３丁目４－２８,N/A,N/A,N/A,https://sp-sukusuku.jp/kyoushitsu/s18000032674,34.2024598,135.1631734
進学教室アシスト,学習塾,和歌山県和歌山市松江北７丁目１０－１２,N/A,N/A,N/A,https://sp-sukusuku.jp/kyoushitsu/s18000032705,34.2529235,135.1243663
東進衛星予備校 和歌山駅前校,学習塾,和歌山県和歌山市太田1-13-15,N/A,N/A,N/A,https://sp-sukusuku.jp/kyoushitsu/s18000123673,34.232108,135.1936775
個別指導Ｗａｍ／四箇郷校,学習塾,和歌山県和歌山市加納２０３－３－１０５,N/A,N/A,N/A,https://sp-sukusuku.jp/kyoushitsu/s18000032831,34.24516820000001,135.205582
スタッド 木の本教室,学習塾,和歌山県和歌山市木の本686,N/A,N/A,N/A,https://sp-sukusuku.jp/kyoushitsu/s18000123961,34.261997,135.12274
ヤマハ音楽教室服部楽器福島センター,ピアノ,和歌山県和歌山市福島３１８,N/A,N/A,N/A,https://sp-sukusuku.jp/kyoushitsu/s18000048818,34.2496559,135.165193
進学塾テラ（ＴＥＲＲＡ）有本教室,学習塾,和歌山県和歌山市有本２２６－２８,N/A,N/A,N/A,https://sp-sukusuku.jp/kyoushitsu/s18000032757,34.2465832,135.1974332
ＰａｔｒｉｃｋのＧｏｏｄｙＥｎｇｌｉｓｈ英会話和歌山教室・貴志川教室,学習塾,和歌山県和歌山市神前６７５－５,N/A,N/A,N/A,https://sp-sukusuku.jp/kyoushitsu/s18000032555,34.209216,135.2125174
トップウェルネス和歌山,スイミング・水泳,和歌山県和歌山市北出島１丁目５－４８,N/A,N/A,N/A,https://sp-sukusuku.jp/kyoushitsu/s18000051124,34.2220018,135.1901996
和歌山県合気道連盟,合気道,和歌山県和歌山市三葛３６４,N/A,N/A,N/A,https://sp-sukusuku.jp/kyoushitsu/s18000002281,34.1924567,135.1890287
公文式楠見東教室,学習塾,和歌山県和歌山市善明寺１７６－２,N/A,N/A,N/A,https://sp-sukusuku.jp/kyoushitsu/s18000032923,34.2566027,135.1812055
島村楽器音楽教室イオンモール和歌山店,音楽教室,和歌山県和歌山市中字楠谷573イオンモール和歌山2F,N/A,N/A,N/A,https://sp-sukusuku.jp/kyoushitsu/s18000123678,34.2755306,135.1492484
和歌山キンダースクール,幼児教室,和歌山県和歌山市築港３丁目２０－４,N/A,N/A,N/A,https://sp-sukusuku.jp/kyoushitsu/s18000053606,34.2225429,135.1546239
COCO塾ジュニア　湊ジュニア教室・堀止西ジュニア教室 他,英語・英会話,和歌山県和歌山市湊584-34・堀止西1-1-41・,N/A,N/A,N/A,https://sp-sukusuku.jp/kyoushitsu/s18000124010,34.2155707,135.1688789
アトリエ・リーフ,絵画・造形,和歌山県和歌山市和歌浦東２丁目８－２０,N/A,N/A,N/A,https://sp-sukusuku.jp/kyoushitsu/s18000044153,34.1903701,135.1750948
フレックス・スポーツクラブ,スイミング・水泳,和歌山県和歌山市和歌浦東４丁目４,N/A,N/A,N/A,https://sp-sukusuku.jp/kyoushitsu/s18000051121,34.1877235,135.1778139
進学塾ＣＰＵ,学習塾,和歌山県和歌山市相坂５１５,N/A,N/A,N/A,https://sp-sukusuku.jp/kyoushitsu/s18000032783,34.2002278,135.2272574
開成アカデミー,学習塾,和歌山県和歌山市美園町５丁目３－１,N/A,N/A,N/A,https://sp-sukusuku.jp/kyoushitsu/s18000032629,34.23074709999999,135.1897159
高松学習センター,学習塾,和歌山県和歌山市東高松３丁目２－１２,N/A,N/A,N/A,https://sp-sukusuku.jp/kyoushitsu/s18000032675,34.2063572,135.1736222
学研 北中島教室,学習塾,和歌山県和歌山市北中島1-1-26岡文具店2階,N/A,N/A,N/A,https://sp-sukusuku.jp/kyoushitsu/s18000123781,34.214164,135.187035
学研 木ノ本はなまる教室,学習塾,和歌山県和歌山市木ノ本71-23,N/A,N/A,N/A,https://sp-sukusuku.jp/kyoushitsu/s18000123777,34.2591393,135.1214372
進学塾チャレンジ１,学習塾,和歌山県和歌山市次郎丸９８－４,N/A,N/A,N/A,https://sp-sukusuku.jp/kyoushitsu/s18000032683,34.2534972,135.1455585
紀伊ジュニアフットボールクラブ,サッカー・フットサル,和歌山県和歌山市小豆島紀ノ川第７緑地（小豆島・中州）の河川敷,N/A,N/A,N/A,https://sp-sukusuku.jp/kyoushitsu/s18000123764,34.2558734,135.229181
学研 新在家教室,学習塾,和歌山県和歌山市新在家170-62,N/A,N/A,N/A,https://sp-sukusuku.jp/kyoushitsu/s18000123808,34.2434138,135.1971463
学研CAIスクール Study Fun 楠見校,学習塾,和歌山県和歌山市大谷374-1,N/A,N/A,N/A,https://sp-sukusuku.jp/kyoushitsu/s18000123772,34.2599878,135.1762667
河合塾マナビス 堀止校,学習塾,和歌山県和歌山市堀止西1-2-23,N/A,N/A,N/A,https://sp-sukusuku.jp/kyoushitsu/s18000123867,34.2141776,135.169665
ＩＴＴＯ個別指導学院／紀伊駅前校,学習塾,和歌山県和歌山市北野５３０－１,N/A,N/A,N/A,https://sp-sukusuku.jp/kyoushitsu/s18000032688,34.2680853,135.2454294
学研 西脇教室,学習塾,和歌山県和歌山市西庄623,N/A,N/A,N/A,https://sp-sukusuku.jp/kyoushitsu/s18000123803,34.259609,135.1097602
ガウディア堀止教室,学習塾,和歌山県和歌山市堀止西１丁目２－２３,N/A,N/A,N/A,https://sp-sukusuku.jp/kyoushitsu/s18000032750,34.2141776,135.169665
個別指導Axis 神前校,学習塾,和歌山県和歌山市神前146-1メゾンローズ1F,N/A,N/A,N/A,https://sp-sukusuku.jp/kyoushitsu/s18000123738,34.216723,135.2049974
アレック教育グループ,学習塾,和歌山県和歌山市塩屋５丁目５－１,N/A,N/A,N/A,https://sp-sukusuku.jp/kyoushitsu/s18000032782,34.2005422,135.1782765
みやび個別指導学院六十谷校,学習塾,和歌山県和歌山市園部８６３－５,N/A,N/A,N/A,https://sp-sukusuku.jp/kyoushitsu/s18000032593,34.2624705,135.1948373
明光義塾和歌山西庄教室,学習塾,和歌山県和歌山市西庄２７４－６２,N/A,N/A,N/A,https://sp-sukusuku.jp/kyoushitsu/s18000032671,34.2580717,135.1190775
能開センター／小松原校,学習塾,和歌山県和歌山市吹上４丁目１－１,N/A,N/A,N/A,https://sp-sukusuku.jp/kyoushitsu/s18000032863,34.2169155,135.1697564
ナビ個別指導学院 和歌山校,学習塾,和歌山県和歌山市太田4-4-13太田ビル201・202,N/A,N/A,N/A,https://sp-sukusuku.jp/kyoushitsu/s18000123942,34.2290745,135.1967241
明光義塾 和歌山本町教室,学習塾,和歌山県和歌山市本町1-32-4,N/A,N/A,N/A,https://sp-sukusuku.jp/kyoushitsu/s18000123643,34.2337754,135.1746835
学研 みやきた教室,学習塾,和歌山県和歌山市黒田161-10,N/A,N/A,N/A,https://sp-sukusuku.jp/kyoushitsu/s18000123844,34.2343699,135.1945877
アドヴァンスむそた,スイミング・水泳,和歌山県和歌山市六十谷７８－５,N/A,N/A,N/A,https://sp-sukusuku.jp/kyoushitsu/s18000051133,34.2598443,135.2007139
総合学習アート,学習塾,和歌山県和歌山市小松原５丁目１－４１,N/A,N/A,N/A,https://sp-sukusuku.jp/kyoushitsu/s18000032544,34.2189255,135.1683488
個別教室のトライ 和歌山駅前校,学習塾,和歌山県和歌山市美園町5丁目2-5アイワビル3F,N/A,N/A,N/A,https://sp-sukusuku.jp/kyoushitsu/s18000123747,34.2311484,135.1900023
学研 紀ノ川台教室,学習塾,和歌山県和歌山市六十谷1342-278,N/A,N/A,N/A,https://sp-sukusuku.jp/kyoushitsu/s18000123830,34.2735746,135.2098942
ＹＡＮＯ塾・グループ個別指導本部校,学習塾,和歌山県和歌山市榎原３００－４,N/A,N/A,N/A,https://sp-sukusuku.jp/kyoushitsu/s18000032821,34.2557851,135.1309071
GO-EIGO 和歌山英会話,英語・英会話,和歌山県和歌山市有家241,N/A,N/A,N/A,https://sp-sukusuku.jp/kyoushitsu/s18000123997,34.2251216,135.1979318
個別指導Axis 六十谷校,学習塾,和歌山県和歌山市六十谷364-1K.N.Bビル2F,N/A,N/A,N/A,https://sp-sukusuku.jp/kyoushitsu/s18000123734,34.2618224,135.2061608
個別指導のレッスンワン,学習塾,和歌山県和歌山市新堀東２丁目５－２９,N/A,N/A,N/A,https://sp-sukusuku.jp/kyoushitsu/s18000032576,34.2134738,135.1757621
明光義塾和台前駅前教室,学習塾,和歌山県和歌山市中５７３－１９,N/A,N/A,N/A,https://sp-sukusuku.jp/kyoushitsu/s18000032794,34.2764034,135.1474771
東進衛星予備校インフォメーションセンター,学習塾,和歌山県和歌山市太田１丁目１３－１５,N/A,N/A,N/A,https://sp-sukusuku.jp/kyoushitsu/s18000032570,34.232108,135.1936775
間藤教室ＪＲ和歌山駅前校,学習塾,和歌山県和歌山市美園町５丁目７－４,N/A,N/A,N/A,https://sp-sukusuku.jp/kyoushitsu/s18000032770,34.2312754,135.1904685
能開センター／和歌山本部,学習塾,和歌山県和歌山市黒田１丁目４－１６,N/A,N/A,N/A,https://sp-sukusuku.jp/kyoushitsu/s18000032566,34.2334225,135.1926427
能開センター／能開プレスクール和歌山校,学習塾,和歌山県和歌山市太田１丁目９－９,N/A,N/A,N/A,https://sp-sukusuku.jp/kyoushitsu/s18000032653,34.2312643,135.1923391
夢現進学スクール岡本教室,学習塾,和歌山県和歌山市和歌浦南２丁目１０－１４,N/A,N/A,N/A,https://sp-sukusuku.jp/kyoushitsu/s18000032928,34.18787,135.1684036
ヤマハ音楽教室 紀伊教室,音楽教室,和歌山県和歌山市宇田森314-3,N/A,N/A,N/A,https://sp-sukusuku.jp/kyoushitsu/s18000123918,34.2638372,135.249968
学研 キラリ有功教室,学習塾,和歌山県和歌山市園部1518-1いさお幼稚園内,N/A,N/A,N/A,https://sp-sukusuku.jp/kyoushitsu/s18000123854,34.2659451,135.198725
ITTO個別指導学院 楠見校,学習塾,和歌山県和歌山市粟258-1,N/A,N/A,N/A,https://sp-sukusuku.jp/kyoushitsu/s18000123994,34.2529998,135.1751985
スクールＩＥ西ノ庄校,学習塾,和歌山県和歌山市西庄３３８－３４,N/A,N/A,N/A,https://sp-sukusuku.jp/kyoushitsu/s18000032907,34.2583675,135.1154347
楠見少年サッカークラブ,サッカー・フットサル,和歌山県和歌山市善明寺　楠見東小学校体育館、楠見グラウンド,N/A,N/A,N/A,https://sp-sukusuku.jp/kyoushitsu/s18000123668,34.257453,135.181877
創研学院三木町校,学習塾,和歌山県和歌山市三木町中ノ丁１７,N/A,N/A,N/A,https://sp-sukusuku.jp/kyoushitsu/s18000032577,34.2311871,135.1785358
公文式／城北教室,学習塾,和歌山県和歌山市東鍛冶屋町１４,N/A,N/A,N/A,https://sp-sukusuku.jp/kyoushitsu/s18000032924,34.234567,135.173244
学研 砂山教室,学習塾,和歌山県和歌山市出口新端ノ丁44富田そろばん教室内,N/A,N/A,N/A,https://sp-sukusuku.jp/kyoushitsu/s18000123815,34.2204083,135.1622298
公文教育研究会和歌山事務局,学習塾,和歌山県和歌山市九番丁１５,N/A,N/A,N/A,https://sp-sukusuku.jp/kyoushitsu/s18000032568,34.2311598,135.1708507
ヤマハ音楽教室 ステーションセンター,音楽教室,和歌山県和歌山市友田町5-43山植ビル4F,N/A,N/A,N/A,https://sp-sukusuku.jp/kyoushitsu/s18000123927,34.2332069,135.1895042
極真空手 和歌山市紀伊駅前道場,空手・拳法,和歌山県和歌山市北野442-30,N/A,N/A,N/A,https://sp-sukusuku.jp/kyoushitsu/s18000123750,34.2687215,135.2465917
翔学舎,学習塾,和歌山県和歌山市鳴神１２０－３,N/A,N/A,N/A,https://sp-sukusuku.jp/kyoushitsu/s18000032892,34.2260205,135.2101753
アトリエＲＯＫＯ,絵画・造形,和歌山県和歌山市手平５丁目７－２８,N/A,N/A,N/A,https://sp-sukusuku.jp/kyoushitsu/s18000044152,34.2139701,135.1850237
ＧＥＳ／西浜校,学習塾,和歌山県和歌山市西浜３丁目９－５６,N/A,N/A,N/A,https://sp-sukusuku.jp/kyoushitsu/s18000032604,34.1968475,135.1590248
ＫＩスクール,学習塾,和歌山県和歌山市木ノ本４１２－５,N/A,N/A,N/A,https://sp-sukusuku.jp/kyoushitsu/s18000032735,34.2597605,135.1330443
拳武館宇治田道場,空手・拳法,和歌山県和歌山市南汀丁１,N/A,N/A,N/A,https://sp-sukusuku.jp/kyoushitsu/s18000001232,34.2292203,135.1675648
学研 ふじと台教室,学習塾,和歌山県和歌山市中700-106,N/A,N/A,N/A,https://sp-sukusuku.jp/kyoushitsu/s18000123847,34.2733603,135.1478633
第一ゼミナール／紀ノ川校,学習塾,和歌山県和歌山市松江北２丁目６－７－２Ｆ,N/A,N/A,N/A,https://sp-sukusuku.jp/kyoushitsu/s18000032667,34.2489236,135.1362044
学研 かわなが教室,学習塾,和歌山県和歌山市永穂68-7,N/A,N/A,N/A,https://sp-sukusuku.jp/kyoushitsu/s18000123855,34.2552487,135.2523089
和歌山東高校剣道部,剣道,和歌山県和歌山市森小手穂１３６,N/A,N/A,N/A,https://sp-sukusuku.jp/kyoushitsu/s18000002522,34.2073276,135.2263299
和歌山空手道研究会・和空会,空手・拳法,和歌山県和歌山市和佐河南体育館・武道場、和歌浦西県立武道,N/A,N/A,N/A,https://sp-sukusuku.jp/kyoushitsu/s18000123638,34.2674325,135.1533246
学研CAIスクール 咲花教室,学習塾,和歌山県和歌山市島崎町3丁目35,N/A,N/A,N/A,https://sp-sukusuku.jp/kyoushitsu/s18000123770,34.2212673,135.1799436
藤田塾和歌山キンダースクール,学習塾,和歌山県和歌山市築港３丁目２０－４,N/A,N/A,N/A,https://sp-sukusuku.jp/kyoushitsu/s18000032884,34.2225429,135.1546239
スプラウトスポーツクラブ和歌山,新体操,和歌山県和歌山市　東公園体育館、東公園市民球場、日進中学校体,N/A,N/A,N/A,https://sp-sukusuku.jp/kyoushitsu/s18000123960,34.2303678,135.1707405
夢現進学スクール,学習塾,和歌山県和歌山市三葛３０２－６,N/A,N/A,N/A,https://sp-sukusuku.jp/kyoushitsu/s18000032774,34.1918483,135.1847531
いせたにあんざんすくうる,学習塾,和歌山県和歌山市津秦３７－３,N/A,N/A,N/A,https://sp-sukusuku.jp/kyoushitsu/s18000032552,34.2229068,135.205089
個別指導Ｗａｍ／楠見校,学習塾,和歌山県和歌山市善明寺４８－１－１Ｆ－Ａ,N/A,N/A,N/A,https://sp-sukusuku.jp/kyoushitsu/s18000032736,34.26109270000001,135.1820429
個別指導さくら学院,学習塾,和歌山県和歌山市,N/A,N/A,N/A,https://sp-sukusuku.jp/kyoushitsu/s18000123731,34.2303678,135.1707405
学研 紀ノ川教室,学習塾,和歌山県和歌山市粟201-14,N/A,N/A,N/A,https://sp-sukusuku.jp/kyoushitsu/s18000123831,34.2539053,135.1665756
ありがとう幼児教室,幼児教室,和歌山県和歌山市東長町５丁目７１,N/A,N/A,N/A,https://sp-sukusuku.jp/kyoushitsu/s18000053609,34.2250753,135.1656908
フレックス・スイミングスクール,スイミング・水泳,和歌山県和歌山市和歌浦東４丁目４,N/A,N/A,N/A,https://sp-sukusuku.jp/kyoushitsu/s18000051134,34.1877235,135.1778139
学研 おぐら教室,学習塾,和歌山県和歌山市小倉256-1,N/A,N/A,N/A,https://sp-sukusuku.jp/kyoushitsu/s18000123856,34.2497945,135.2904959
学研 こざいか教室,学習塾,和歌山県和歌山市小雑賀149,N/A,N/A,N/A,https://sp-sukusuku.jp/kyoushitsu/s18000123853,34.203615,135.1841561
ヤマハ音楽教室 県庁前センター,音楽教室,和歌山県和歌山市吹上1-2-20,N/A,N/A,N/A,https://sp-sukusuku.jp/kyoushitsu/s18000123915,34.2242212,135.1701786
学研 雄湊教室,学習塾,和歌山県和歌山市南甚五兵衛丁3青谷マンション1F,N/A,N/A,N/A,https://sp-sukusuku.jp/kyoushitsu/s18000123775,34.2265576,135.1624849
能開センター／紀ノ川北校,学習塾,和歌山県和歌山市向１５３－１,N/A,N/A,N/A,https://sp-sukusuku.jp/kyoushitsu/s18000032775,34.2582008,135.1439097
美麗書院,書道・習字,和歌山県和歌山市塩屋４丁目６－５８,N/A,N/A,N/A,https://sp-sukusuku.jp/kyoushitsu/s18000058827,34.2002619,135.1767757
ＡＩセミナー,学習塾,和歌山県和歌山市市小路１５２,N/A,N/A,N/A,https://sp-sukusuku.jp/kyoushitsu/s18000032628,34.2562301,135.1642358
学研 津秦たんぽぽ教室,学習塾,和歌山県和歌山市津秦139-16津秦そろばん教室内,N/A,N/A,N/A,https://sp-sukusuku.jp/kyoushitsu/s18000123796,34.2179623,135.2031237
国際空手道連盟　極真会館 和歌山支部,空手・拳法,和歌山県和歌山市秋葉町4-8　理容会館1階、榎原195-8　,N/A,N/A,N/A,https://sp-sukusuku.jp/kyoushitsu/s18000123697,34.1997627,135.170125
和歌山県計算実務協会（一般社団法人）,書道・習字,和歌山県和歌山市西汀丁３６,N/A,N/A,N/A,https://sp-sukusuku.jp/kyoushitsu/s18000056910,34.2301035,135.170085
ガウディア和歌山エリア本部,学習塾,和歌山県和歌山市友田町２丁目１４５,N/A,N/A,N/A,https://sp-sukusuku.jp/kyoushitsu/s18000032900,34.2319133,135.1854626
スタッド 小倉勝宝台教室,学習塾,和歌山県和歌山市下三毛691-31,N/A,N/A,N/A,https://sp-sukusuku.jp/kyoushitsu/s18000123968,34.2380502,135.2927986
啓己塾,学習塾,和歌山県和歌山市栄谷８９３－８,N/A,N/A,N/A,https://sp-sukusuku.jp/kyoushitsu/s18000032887,34.2595786,135.1501175
昇学セミナー四ケ郷教室,学習塾,和歌山県和歌山市新在家１２３－７,N/A,N/A,N/A,https://sp-sukusuku.jp/kyoushitsu/s18000032930,34.2439842,135.2010386
個別指導マーベル砂山校,学習塾,和歌山県和歌山市湊３１４９－２,N/A,N/A,N/A,https://sp-sukusuku.jp/kyoushitsu/s18000032910,34.2192132,135.1630548
ＧＥＳ／紀伊校,学習塾,和歌山県和歌山市北野４０９－１,N/A,N/A,N/A,https://sp-sukusuku.jp/kyoushitsu/s18000032709,34.2690803,135.2470924
ウイッシュボーンイングリッシュアカデミー和歌山スクール,幼児教室,和歌山県和歌山市紀三井寺８１１－４１－１０１,N/A,N/A,N/A,https://sp-sukusuku.jp/kyoushitsu/s18000054322,34.1880974,135.1833492
学研 木ノ本ニュータウン教室,学習塾,和歌山県和歌山市木ノ本1675-39,N/A,N/A,N/A,https://sp-sukusuku.jp/kyoushitsu/s18000123778,34.2677051,135.1263409
ＧＥＳ／ターミナル校,学習塾,和歌山県和歌山市黒田１丁目２－２１,N/A,N/A,N/A,https://sp-sukusuku.jp/kyoushitsu/s18000032919,34.2326855,135.1933444
個別教室のトライ,学習塾,和歌山県和歌山市美園町５丁目２－５,N/A,N/A,N/A,https://sp-sukusuku.jp/kyoushitsu/s18000032895,34.2311484,135.1900023
京阪珠算塾,書道・習字,和歌山県和歌山市久右衛門丁２,N/A,N/A,N/A,https://sp-sukusuku.jp/kyoushitsu/s18000056924,34.2249812,135.1659213
学研 今福教室,学習塾,和歌山県和歌山市西小二里3丁目1-22田淵そろばん教室内,N/A,N/A,N/A,https://sp-sukusuku.jp/kyoushitsu/s18000123816,34.2076256,135.1635047
能開センター 小松原校,学習塾,和歌山県和歌山市吹上4-1-1アズマハウス吹上ビル,N/A,N/A,N/A,https://sp-sukusuku.jp/kyoushitsu/s18000123659,34.2169155,135.1697564
フォース（ｆｏｒｃｅ）,学習塾,和歌山県和歌山市久右衛門丁１９,N/A,N/A,N/A,https://sp-sukusuku.jp/kyoushitsu/s18000032921,34.2251351,135.1664736
ヤスムラビクトロン,ピアノ,和歌山県和歌山市広瀬通丁１丁目１２,N/A,N/A,N/A,https://sp-sukusuku.jp/kyoushitsu/s18000048816,34.2265315,135.1802525
ＩＮＧ英数セミナー,学習塾,和歌山県和歌山市島橋西ノ丁４－２,N/A,N/A,N/A,https://sp-sukusuku.jp/kyoushitsu/s18000032789,34.24397769999999,135.1467591
個別指導Ｗａｍ／高積校,学習塾,和歌山県和歌山市新庄９９－７,N/A,N/A,N/A,https://sp-sukusuku.jp/kyoushitsu/s18000032898,34.2303678,135.1707405
喜望ゼミナールLepton本部校,英語・英会話,和歌山県和歌山市吹屋町5丁目40-5,N/A,N/A,N/A,https://sp-sukusuku.jp/kyoushitsu/s18000123765,34.2253685,135.1903821
河合塾マナビス 和歌山駅前校,学習塾,和歌山県和歌山市太田1-14-11オオトヨビル3階,N/A,N/A,N/A,https://sp-sukusuku.jp/kyoushitsu/s18000123866,34.2317454,135.1927781
