Club,Genre,Address,Access,Age,Feature,url
biima sports(ビーマ スポーツ) 和歌山校,サッカー・フットサル/野球・ソフトボール/バスケットボール/テニス/運動・体操,和歌山県和歌山市小雑賀239番地ワカヤマテニススクール内,きのくに線宮前駅,年少、年中、年⻑、⼩1、⼩2、⼩3、⼩4、⼩5、⼩6,土日あり/振替あり/駐車場あり,https://sp-sukusuku.jp/kyoushitsu/s22000000793
ECCジュニア 神波教室,英語・英会話/学習塾,和歌山県和歌山市神波31-5　,阪和線(天王寺～和歌山)紀伊駅,ベビー、年少、年中、年⻑、⼩1、⼩2、⼩3、⼩4、⼩5、⼩6,,https://sp-sukusuku.jp/kyoushitsu/s91200005980
ECCジュニア 秋月教室,英語・英会話/学習塾,和歌山県和歌山市秋月180-9　,N/A,N/A,N/A,https://sp-sukusuku.jp/kyoushitsu/s91200005996
ECCジュニア 有本教室,英語・英会話/学習塾,和歌山県和歌山市有本568-6　,阪和線(天王寺～和歌山)紀伊中ノ島駅/紀勢本線(和歌山～和歌山市)紀和駅,ベビー、年少、年中、年⻑、⼩1、⼩2、⼩3、⼩4、⼩5、⼩6,駅チカ,https://sp-sukusuku.jp/kyoushitsu/s91200005955
ラボ・パーティ 和歌山市松江教室(加地 亜希パーティ),英語・英会話/幼児教室,和歌山県和歌山市松江1478-44,南海本線和歌山市駅/南海本線紀ノ川駅,ベビー、年少、年中、年⻑、⼩1、⼩2、⼩3、⼩4、⼩5、⼩6,親子コースあり/駐車場あり,https://sp-sukusuku.jp/kyoushitsu/s19000010236
ラボ・パーティ 和歌山市中之島教室(加地 亜希パーティ),英語・英会話/幼児教室,和歌山県和歌山市中之島1288,阪和線(天王寺～和歌山)紀伊中ノ島駅/紀勢本線(和歌山～和歌山市)紀和駅/紀勢本線(和歌山～和歌山市)和歌山駅,⼩1、⼩2、⼩3、⼩4、⼩5、⼩6,駅チカ/駐車場あり,https://sp-sukusuku.jp/kyoushitsu/s19000010341
カワイ音楽教室 和歌山センター,ピアノ,和歌山県和歌山市友田町４丁目１１８,阪和線(天王寺～和歌山)和歌山駅/JR和歌山線和歌山駅/きのくに線和歌山駅,年少、年中、年⻑、⼩1、⼩2、⼩3、⼩4、⼩5、⼩6,マンツーマン/駅チカ,https://sp-sukusuku.jp/kyoushitsu/s92700001107
ECCジュニア 木ノ本教室,英語・英会話,和歌山県和歌山市木ノ本３３０－５　,南海加太線八幡前駅/南海加太線中松江駅,ベビー、年少、年中、年⻑、⼩1、⼩2、⼩3、⼩4、⼩5、⼩6,,https://sp-sukusuku.jp/kyoushitsu/s91200005937
ECCジュニア 新中通１丁目教室,英語・英会話,和歌山県和歌山市新中通1丁目37番地　,阪和線(天王寺～和歌山)和歌山駅/JR和歌山線和歌山駅/きのくに線和歌山駅,ベビー、年少、年中、年⻑、⼩1、⼩2、⼩3、⼩4、⼩5、⼩6,,https://sp-sukusuku.jp/kyoushitsu/s91200006000
ECCジュニア 善明寺教室,英語・英会話,和歌山県和歌山市善明寺７２７－２５　,N/A,N/A,N/A,https://sp-sukusuku.jp/kyoushitsu/s91200006023
biima sports(ビーマ スポーツ) 和歌山校,サッカー・フットサル/野球・ソフトボール/バスケットボール/テニス/運動・体操,和歌山県和歌山市小雑賀239番地ワカヤマテニススクール内,きのくに線宮前駅,年少、年中、年⻑、⼩1、⼩2、⼩3、⼩4、⼩5、⼩6,土日あり/振替あり/駐車場あり,https://sp-sukusuku.jp/kyoushitsu/s22000000793
ECCジュニア 神波教室,英語・英会話/学習塾,和歌山県和歌山市神波31-5　,阪和線(天王寺～和歌山)紀伊駅,ベビー、年少、年中、年⻑、⼩1、⼩2、⼩3、⼩4、⼩5、⼩6,,https://sp-sukusuku.jp/kyoushitsu/s91200005980
ECCジュニア 秋月教室,英語・英会話/学習塾,和歌山県和歌山市秋月180-9　,N/A,N/A,N/A,https://sp-sukusuku.jp/kyoushitsu/s91200005996
ECCジュニア 有本教室,英語・英会話/学習塾,和歌山県和歌山市有本568-6　,阪和線(天王寺～和歌山)紀伊中ノ島駅/紀勢本線(和歌山～和歌山市)紀和駅,ベビー、年少、年中、年⻑、⼩1、⼩2、⼩3、⼩4、⼩5、⼩6,駅チカ,https://sp-sukusuku.jp/kyoushitsu/s91200005955
ラボ・パーティ 和歌山市松江教室(加地 亜希パーティ),英語・英会話/幼児教室,和歌山県和歌山市松江1478-44,南海本線和歌山市駅/南海本線紀ノ川駅,ベビー、年少、年中、年⻑、⼩1、⼩2、⼩3、⼩4、⼩5、⼩6,親子コースあり/駐車場あり,https://sp-sukusuku.jp/kyoushitsu/s19000010236
ラボ・パーティ 和歌山市中之島教室(加地 亜希パーティ),英語・英会話/幼児教室,和歌山県和歌山市中之島1288,阪和線(天王寺～和歌山)紀伊中ノ島駅/紀勢本線(和歌山～和歌山市)紀和駅/紀勢本線(和歌山～和歌山市)和歌山駅,⼩1、⼩2、⼩3、⼩4、⼩5、⼩6,駅チカ/駐車場あり,https://sp-sukusuku.jp/kyoushitsu/s19000010341
カワイ音楽教室 和歌山センター,ピアノ,和歌山県和歌山市友田町４丁目１１８,阪和線(天王寺～和歌山)和歌山駅/JR和歌山線和歌山駅/きのくに線和歌山駅,年少、年中、年⻑、⼩1、⼩2、⼩3、⼩4、⼩5、⼩6,マンツーマン/駅チカ,https://sp-sukusuku.jp/kyoushitsu/s92700001107
ECCジュニア 木ノ本教室,英語・英会話,和歌山県和歌山市木ノ本３３０－５　,南海加太線八幡前駅/南海加太線中松江駅,ベビー、年少、年中、年⻑、⼩1、⼩2、⼩3、⼩4、⼩5、⼩6,,https://sp-sukusuku.jp/kyoushitsu/s91200005937
ECCジュニア 新中通１丁目教室,英語・英会話,和歌山県和歌山市新中通1丁目37番地　,阪和線(天王寺～和歌山)和歌山駅/JR和歌山線和歌山駅/きのくに線和歌山駅,ベビー、年少、年中、年⻑、⼩1、⼩2、⼩3、⼩4、⼩5、⼩6,,https://sp-sukusuku.jp/kyoushitsu/s91200006000
ECCジュニア 善明寺教室,英語・英会話,和歌山県和歌山市善明寺７２７－２５　,N/A,N/A,N/A,https://sp-sukusuku.jp/kyoushitsu/s91200006023
ECCジュニア 朝日教室,英語・英会話/学習塾,和歌山県和歌山市朝日320,貴志川線交通センター前駅/貴志川線岡崎前駅/貴志川線竈山駅,ベビー、年少、年中、年⻑、⼩1、⼩2、⼩3、⼩4、⼩5、⼩6,駅チカ,https://sp-sukusuku.jp/kyoushitsu/s91200005989
ECCジュニア 朝日北教室,英語・英会話/学習塾,和歌山県和歌山市朝日２２９－８　,N/A,N/A,N/A,https://sp-sukusuku.jp/kyoushitsu/s91200006010
ECCジュニア 野崎教室,英語・英会話/学習塾,和歌山県和歌山市狐島２６７－１８　,N/A,N/A,N/A,https://sp-sukusuku.jp/kyoushitsu/s91200005972
ECCジュニア 西浜３丁目教室,英語・英会話,和歌山県和歌山市西浜3丁目5番55-1号　,N/A,N/A,N/A,https://sp-sukusuku.jp/kyoushitsu/s91200006029
ECCジュニア 山東教室,英語・英会話/学習塾,和歌山県和歌山市吉礼１４５３－１　,貴志川線吉礼駅/貴志川線岡崎前駅/貴志川線交通センター前駅,ベビー、年少、年中、年⻑、⼩1、⼩2、⼩3、⼩4、⼩5、⼩6,駅チカ,https://sp-sukusuku.jp/kyoushitsu/s91200005940
ECCジュニア 岩橋教室,英語・英会話,和歌山県和歌山市岩橋１５８２－３　,JR和歌山線田井ノ瀬駅,ベビー、年少、年中、年⻑、⼩1、⼩2、⼩3、⼩4、⼩5、⼩6,,https://sp-sukusuku.jp/kyoushitsu/s91200005943
ECCジュニア 杭ノ瀬教室,英語・英会話,和歌山県和歌山市杭ノ瀬１９３－１３　,きのくに線宮前駅/貴志川線神前駅/貴志川線竈山駅,ベビー、年少、年中、年⻑、⼩1、⼩2、⼩3、⼩4、⼩5、⼩6,,https://sp-sukusuku.jp/kyoushitsu/s91200006024
ECCジュニア 有家教室,英語・英会話/学習塾,和歌山県和歌山市有家２８３　,N/A,N/A,N/A,https://sp-sukusuku.jp/kyoushitsu/s91200005959
ECCジュニア ふじと台東教室,英語・英会話,和歌山県和歌山市栄谷974-84　,南海本線和歌山大学前駅,ベビー、年少、年中、年⻑、⼩1、⼩2、⼩3、⼩4、⼩5、⼩6,,https://sp-sukusuku.jp/kyoushitsu/s91200006012
ECCジュニア 梶取教室,英語・英会話,和歌山県和歌山市梶取148-15,南海本線紀ノ川駅/南海加太線紀ノ川駅/南海加太線東松江駅,ベビー、年少、年中、年⻑、⼩1、⼩2、⼩3、⼩4、⼩5、⼩6,,https://sp-sukusuku.jp/kyoushitsu/s91200005984
ECCジュニア 布引教室,英語・英会話/学習塾,和歌山県和歌山市布引405-1　,きのくに線紀三井寺駅,ベビー、年少、年中、年⻑、⼩1、⼩2、⼩3、⼩4、⼩5、⼩6,,https://sp-sukusuku.jp/kyoushitsu/s91200005944
ECCジュニア 西浜教室,英語・英会話/学習塾,和歌山県和歌山市西浜２丁目４－１２　,N/A,N/A,N/A,https://sp-sukusuku.jp/kyoushitsu/s91200005965
ECCジュニア 紀ノ川駅前教室,英語・英会話,和歌山県和歌山市市小路156　,南海本線紀ノ川駅/南海加太線紀ノ川駅,ベビー、年少、年中、年⻑、⼩1、⼩2、⼩3、⼩4、⼩5、⼩6,駅チカ,https://sp-sukusuku.jp/kyoushitsu/s91200005994
ECCジュニア 楠本教室,英語・英会話/学習塾,和歌山県和歌山市楠本72-18　,阪和線(天王寺～和歌山)紀伊駅,ベビー、年少、年中、年⻑、⼩1、⼩2、⼩3、⼩4、⼩5、⼩6,,https://sp-sukusuku.jp/kyoushitsu/s91200006007
ECCジュニア 名草小学校前教室,英語・英会話/学習塾,和歌山県和歌山市紀三井寺534-6ソフィアファーストビル2...,きのくに線紀三井寺駅,ベビー、年少、年中、年⻑、⼩1、⼩2、⼩3、⼩4、⼩5、⼩6,,https://sp-sukusuku.jp/kyoushitsu/s91200005945
ECCジュニア 四ヶ郷北教室,英語・英会話/学習塾,和歌山県和歌山市有本415-29　,阪和線(天王寺～和歌山)紀伊中ノ島駅/阪和線(天王寺～和歌山)六十谷駅,ベビー、年少、年中、年⻑、⼩1、⼩2、⼩3、⼩4、⼩5、⼩6,,https://sp-sukusuku.jp/kyoushitsu/s91200005966
ECCジュニア 西和佐小学校前教室,英語・英会話/学習塾,和歌山県和歌山市岩橋1005-1　,JR和歌山線田井ノ瀬駅,ベビー、年少、年中、年⻑、⼩1、⼩2、⼩3、⼩4、⼩5、⼩6,駅チカ,https://sp-sukusuku.jp/kyoushitsu/s91200006028
ECCジュニア 小倉教室,英語・英会話/学習塾,和歌山県和歌山市大垣内12-3　,JR和歌山線紀伊小倉駅,ベビー、年少、年中、年⻑、⼩1、⼩2、⼩3、⼩4、⼩5、⼩6,,https://sp-sukusuku.jp/kyoushitsu/s91200006009
ECCジュニア 秋葉町教室,英語・英会話,和歌山県和歌山市4-21秋葉山マンション108　,N/A,N/A,N/A,https://sp-sukusuku.jp/kyoushitsu/s91200005970
ECCジュニア 和歌浦教室,英語・英会話,和歌山県和歌山市和歌浦中3-3-8ハートブルーユニオン2F,きのくに線紀三井寺駅,ベビー、年少、年中、年⻑、⼩1、⼩2、⼩3、⼩4、⼩5、⼩6,,https://sp-sukusuku.jp/kyoushitsu/s91200006003
ECCジュニア 森小手穂教室,英語・英会話/学習塾,和歌山県和歌山市森小手穂１２０２　,貴志川線交通センター前駅/貴志川線岡崎前駅/貴志川線竈山駅,ベビー、年少、年中、年⻑、⼩1、⼩2、⼩3、⼩4、⼩5、⼩6,,https://sp-sukusuku.jp/kyoushitsu/s91200005941
ECCジュニア 鳴神教室,英語・英会話,和歌山県和歌山市鳴神２４８－４１　,貴志川線日前宮駅,ベビー、年少、年中、年⻑、⼩1、⼩2、⼩3、⼩4、⼩5、⼩6,,https://sp-sukusuku.jp/kyoushitsu/s91200005967
ECCジュニア 榎原団地教室,英語・英会話/学習塾,和歌山県和歌山市榎原１５０－１４４　,南海加太線中松江駅/南海加太線八幡前駅/南海加太線東松江駅,ベビー、年少、年中、年⻑、⼩1、⼩2、⼩3、⼩4、⼩5、⼩6,駅チカ,https://sp-sukusuku.jp/kyoushitsu/s91200005961
ECCジュニア 松島東教室,英語・英会話,和歌山県和歌山市松島358-4　,N/A,N/A,N/A,https://sp-sukusuku.jp/kyoushitsu/s91200005983
ECC外語学院 ECCKIDS 和歌山ミオ校,英語・英会話,和歌山県和歌山市美園町5-61和歌山ミオ3F,阪和線(天王寺～和歌山)和歌山駅/JR和歌山線和歌山駅/きのくに線和歌山駅,ベビー、年少、年中、年⻑、⼩1、⼩2、⼩3、⼩4、⼩5、⼩6,土日あり/親子コースあり/駅チカ,https://sp-sukusuku.jp/kyoushitsu/s92900000135
ラボ・パーティ 和歌山市湊御殿教室(森 瑞穂パーティ),英語・英会話/幼児教室,和歌山県和歌山市湊御殿3丁目7-7,南海和歌山港線和歌山港駅,⼩1、⼩2、⼩3、⼩4、⼩5、⼩6,駐車場あり,https://sp-sukusuku.jp/kyoushitsu/s22000000038
ラボ・パーティ 和歌山市中之島教室(納谷 里咲パーティ),英語・英会話/幼児教室,和歌山県和歌山市中之島,紀勢本線(和歌山～和歌山市)紀和駅,ベビー,親子コースあり,https://sp-sukusuku.jp/kyoushitsu/s90300000058
講談社こども教室 パームシティ和歌山教室,幼児教室/学習塾,和歌山県和歌山市中野31-1パームシティ和歌山1階,南海加太線東松江駅/南海加太線中松江駅,ベビー、年少、年中、年⻑、⼩1、⼩2、⼩3、⼩4、⼩5、⼩6,土日あり/駐車場あり,https://sp-sukusuku.jp/kyoushitsu/s93400000066
講談社こども教室 ふじと台教室,幼児教室/学習塾,和歌山県和歌山市中字楠谷573イオンモール和歌山3階,南海本線和歌山大学前駅,ベビー、年少、年中、年⻑、⼩1、⼩2、⼩3、⼩4、⼩5、⼩6,駅チカ,https://sp-sukusuku.jp/kyoushitsu/s93400000079
講談社こども教室 和歌山教室,幼児教室/学習塾,和歌山県和歌山市新生町7-20イズミヤ和歌山店2階,貴志川線田中口駅/きのくに線宮前駅/貴志川線和歌山駅,ベビー、年少、年中、年⻑、⼩1、⼩2、⼩3、⼩4、⼩5、⼩6,駅チカ,https://sp-sukusuku.jp/kyoushitsu/s93400000075
ピアノ教室 piano musica,音楽教室/ピアノ,和歌山県和歌山市中之島509-6,阪和線(天王寺～和歌山)紀伊中ノ島駅/紀勢本線(和歌山～和歌山市)紀和駅/紀勢本線(和歌山～和歌山市)和歌山駅,N/A,N/A,https://sp-sukusuku.jp/kyoushitsu/s19000009285
biima sports(ビーマ スポーツ) 和歌山校,サッカー・フットサル/野球・ソフトボール/バスケットボール/テニス/運動・体操,和歌山県和歌山市小雑賀239番地ワカヤマテニススクール内,きのくに線宮前駅,年少、年中、年⻑、⼩1、⼩2、⼩3、⼩4、⼩5、⼩6,土日あり/振替あり/駐車場あり,https://sp-sukusuku.jp/kyoushitsu/s22000000793
ECCジュニア 神波教室,英語・英会話/学習塾,和歌山県和歌山市神波31-5　,阪和線(天王寺～和歌山)紀伊駅,ベビー、年少、年中、年⻑、⼩1、⼩2、⼩3、⼩4、⼩5、⼩6,,https://sp-sukusuku.jp/kyoushitsu/s91200005980
ECCジュニア 秋月教室,英語・英会話/学習塾,和歌山県和歌山市秋月180-9　,N/A,N/A,N/A,https://sp-sukusuku.jp/kyoushitsu/s91200005996
ECCジュニア 有本教室,英語・英会話/学習塾,和歌山県和歌山市有本568-6　,阪和線(天王寺～和歌山)紀伊中ノ島駅/紀勢本線(和歌山～和歌山市)紀和駅,ベビー、年少、年中、年⻑、⼩1、⼩2、⼩3、⼩4、⼩5、⼩6,駅チカ,https://sp-sukusuku.jp/kyoushitsu/s91200005955
ラボ・パーティ 和歌山市松江教室(加地 亜希パーティ),英語・英会話/幼児教室,和歌山県和歌山市松江1478-44,南海本線和歌山市駅/南海本線紀ノ川駅,ベビー、年少、年中、年⻑、⼩1、⼩2、⼩3、⼩4、⼩5、⼩6,親子コースあり/駐車場あり,https://sp-sukusuku.jp/kyoushitsu/s19000010236
ラボ・パーティ 和歌山市中之島教室(加地 亜希パーティ),英語・英会話/幼児教室,和歌山県和歌山市中之島1288,阪和線(天王寺～和歌山)紀伊中ノ島駅/紀勢本線(和歌山～和歌山市)紀和駅/紀勢本線(和歌山～和歌山市)和歌山駅,⼩1、⼩2、⼩3、⼩4、⼩5、⼩6,駅チカ/駐車場あり,https://sp-sukusuku.jp/kyoushitsu/s19000010341
カワイ音楽教室 和歌山センター,ピアノ,和歌山県和歌山市友田町４丁目１１８,阪和線(天王寺～和歌山)和歌山駅/JR和歌山線和歌山駅/きのくに線和歌山駅,年少、年中、年⻑、⼩1、⼩2、⼩3、⼩4、⼩5、⼩6,マンツーマン/駅チカ,https://sp-sukusuku.jp/kyoushitsu/s92700001107
ECCジュニア 木ノ本教室,英語・英会話,和歌山県和歌山市木ノ本３３０－５　,南海加太線八幡前駅/南海加太線中松江駅,ベビー、年少、年中、年⻑、⼩1、⼩2、⼩3、⼩4、⼩5、⼩6,,https://sp-sukusuku.jp/kyoushitsu/s91200005937
ECCジュニア 新中通１丁目教室,英語・英会話,和歌山県和歌山市新中通1丁目37番地　,阪和線(天王寺～和歌山)和歌山駅/JR和歌山線和歌山駅/きのくに線和歌山駅,ベビー、年少、年中、年⻑、⼩1、⼩2、⼩3、⼩4、⼩5、⼩6,,https://sp-sukusuku.jp/kyoushitsu/s91200006000
ECCジュニア 善明寺教室,英語・英会話,和歌山県和歌山市善明寺７２７－２５　,N/A,N/A,N/A,https://sp-sukusuku.jp/kyoushitsu/s91200006023
ECCジュニア 朝日教室,英語・英会話/学習塾,和歌山県和歌山市朝日320,貴志川線交通センター前駅/貴志川線岡崎前駅/貴志川線竈山駅,ベビー、年少、年中、年⻑、⼩1、⼩2、⼩3、⼩4、⼩5、⼩6,駅チカ,https://sp-sukusuku.jp/kyoushitsu/s91200005989
ECCジュニア 朝日北教室,英語・英会話/学習塾,和歌山県和歌山市朝日２２９－８　,N/A,N/A,N/A,https://sp-sukusuku.jp/kyoushitsu/s91200006010
ECCジュニア 野崎教室,英語・英会話/学習塾,和歌山県和歌山市狐島２６７－１８　,N/A,N/A,N/A,https://sp-sukusuku.jp/kyoushitsu/s91200005972
ECCジュニア 西浜３丁目教室,英語・英会話,和歌山県和歌山市西浜3丁目5番55-1号　,N/A,N/A,N/A,https://sp-sukusuku.jp/kyoushitsu/s91200006029
ECCジュニア 山東教室,英語・英会話/学習塾,和歌山県和歌山市吉礼１４５３－１　,貴志川線吉礼駅/貴志川線岡崎前駅/貴志川線交通センター前駅,ベビー、年少、年中、年⻑、⼩1、⼩2、⼩3、⼩4、⼩5、⼩6,駅チカ,https://sp-sukusuku.jp/kyoushitsu/s91200005940
ECCジュニア 岩橋教室,英語・英会話,和歌山県和歌山市岩橋１５８２－３　,JR和歌山線田井ノ瀬駅,ベビー、年少、年中、年⻑、⼩1、⼩2、⼩3、⼩4、⼩5、⼩6,,https://sp-sukusuku.jp/kyoushitsu/s91200005943
ECCジュニア 杭ノ瀬教室,英語・英会話,和歌山県和歌山市杭ノ瀬１９３－１３　,きのくに線宮前駅/貴志川線神前駅/貴志川線竈山駅,ベビー、年少、年中、年⻑、⼩1、⼩2、⼩3、⼩4、⼩5、⼩6,,https://sp-sukusuku.jp/kyoushitsu/s91200006024
ECCジュニア 有家教室,英語・英会話/学習塾,和歌山県和歌山市有家２８３　,N/A,N/A,N/A,https://sp-sukusuku.jp/kyoushitsu/s91200005959
ECCジュニア ふじと台東教室,英語・英会話,和歌山県和歌山市栄谷974-84　,南海本線和歌山大学前駅,ベビー、年少、年中、年⻑、⼩1、⼩2、⼩3、⼩4、⼩5、⼩6,,https://sp-sukusuku.jp/kyoushitsu/s91200006012
ECCジュニア 梶取教室,英語・英会話,和歌山県和歌山市梶取148-15,南海本線紀ノ川駅/南海加太線紀ノ川駅/南海加太線東松江駅,ベビー、年少、年中、年⻑、⼩1、⼩2、⼩3、⼩4、⼩5、⼩6,,https://sp-sukusuku.jp/kyoushitsu/s91200005984
ECCジュニア 布引教室,英語・英会話/学習塾,和歌山県和歌山市布引405-1　,きのくに線紀三井寺駅,ベビー、年少、年中、年⻑、⼩1、⼩2、⼩3、⼩4、⼩5、⼩6,,https://sp-sukusuku.jp/kyoushitsu/s91200005944
ECCジュニア 西浜教室,英語・英会話/学習塾,和歌山県和歌山市西浜２丁目４－１２　,N/A,N/A,N/A,https://sp-sukusuku.jp/kyoushitsu/s91200005965
ECCジュニア 紀ノ川駅前教室,英語・英会話,和歌山県和歌山市市小路156　,南海本線紀ノ川駅/南海加太線紀ノ川駅,ベビー、年少、年中、年⻑、⼩1、⼩2、⼩3、⼩4、⼩5、⼩6,駅チカ,https://sp-sukusuku.jp/kyoushitsu/s91200005994
ECCジュニア 楠本教室,英語・英会話/学習塾,和歌山県和歌山市楠本72-18　,阪和線(天王寺～和歌山)紀伊駅,ベビー、年少、年中、年⻑、⼩1、⼩2、⼩3、⼩4、⼩5、⼩6,,https://sp-sukusuku.jp/kyoushitsu/s91200006007
ECCジュニア 名草小学校前教室,英語・英会話/学習塾,和歌山県和歌山市紀三井寺534-6ソフィアファーストビル2...,きのくに線紀三井寺駅,ベビー、年少、年中、年⻑、⼩1、⼩2、⼩3、⼩4、⼩5、⼩6,,https://sp-sukusuku.jp/kyoushitsu/s91200005945
ECCジュニア 四ヶ郷北教室,英語・英会話/学習塾,和歌山県和歌山市有本415-29　,阪和線(天王寺～和歌山)紀伊中ノ島駅/阪和線(天王寺～和歌山)六十谷駅,ベビー、年少、年中、年⻑、⼩1、⼩2、⼩3、⼩4、⼩5、⼩6,,https://sp-sukusuku.jp/kyoushitsu/s91200005966
ECCジュニア 西和佐小学校前教室,英語・英会話/学習塾,和歌山県和歌山市岩橋1005-1　,JR和歌山線田井ノ瀬駅,ベビー、年少、年中、年⻑、⼩1、⼩2、⼩3、⼩4、⼩5、⼩6,駅チカ,https://sp-sukusuku.jp/kyoushitsu/s91200006028
ECCジュニア 小倉教室,英語・英会話/学習塾,和歌山県和歌山市大垣内12-3　,JR和歌山線紀伊小倉駅,ベビー、年少、年中、年⻑、⼩1、⼩2、⼩3、⼩4、⼩5、⼩6,,https://sp-sukusuku.jp/kyoushitsu/s91200006009
ECCジュニア 秋葉町教室,英語・英会話,和歌山県和歌山市4-21秋葉山マンション108　,N/A,N/A,N/A,https://sp-sukusuku.jp/kyoushitsu/s91200005970
ECCジュニア 和歌浦教室,英語・英会話,和歌山県和歌山市和歌浦中3-3-8ハートブルーユニオン2F,きのくに線紀三井寺駅,ベビー、年少、年中、年⻑、⼩1、⼩2、⼩3、⼩4、⼩5、⼩6,,https://sp-sukusuku.jp/kyoushitsu/s91200006003
ECCジュニア 森小手穂教室,英語・英会話/学習塾,和歌山県和歌山市森小手穂１２０２　,貴志川線交通センター前駅/貴志川線岡崎前駅/貴志川線竈山駅,ベビー、年少、年中、年⻑、⼩1、⼩2、⼩3、⼩4、⼩5、⼩6,,https://sp-sukusuku.jp/kyoushitsu/s91200005941
ECCジュニア 鳴神教室,英語・英会話,和歌山県和歌山市鳴神２４８－４１　,貴志川線日前宮駅,ベビー、年少、年中、年⻑、⼩1、⼩2、⼩3、⼩4、⼩5、⼩6,,https://sp-sukusuku.jp/kyoushitsu/s91200005967
ECCジュニア 榎原団地教室,英語・英会話/学習塾,和歌山県和歌山市榎原１５０－１４４　,南海加太線中松江駅/南海加太線八幡前駅/南海加太線東松江駅,ベビー、年少、年中、年⻑、⼩1、⼩2、⼩3、⼩4、⼩5、⼩6,駅チカ,https://sp-sukusuku.jp/kyoushitsu/s91200005961
ECCジュニア 松島東教室,英語・英会話,和歌山県和歌山市松島358-4　,N/A,N/A,N/A,https://sp-sukusuku.jp/kyoushitsu/s91200005983
ECC外語学院 ECCKIDS 和歌山ミオ校,英語・英会話,和歌山県和歌山市美園町5-61和歌山ミオ3F,阪和線(天王寺～和歌山)和歌山駅/JR和歌山線和歌山駅/きのくに線和歌山駅,ベビー、年少、年中、年⻑、⼩1、⼩2、⼩3、⼩4、⼩5、⼩6,土日あり/親子コースあり/駅チカ,https://sp-sukusuku.jp/kyoushitsu/s92900000135
ラボ・パーティ 和歌山市湊御殿教室(森 瑞穂パーティ),英語・英会話/幼児教室,和歌山県和歌山市湊御殿3丁目7-7,南海和歌山港線和歌山港駅,⼩1、⼩2、⼩3、⼩4、⼩5、⼩6,駐車場あり,https://sp-sukusuku.jp/kyoushitsu/s22000000038
ラボ・パーティ 和歌山市中之島教室(納谷 里咲パーティ),英語・英会話/幼児教室,和歌山県和歌山市中之島,紀勢本線(和歌山～和歌山市)紀和駅,ベビー,親子コースあり,https://sp-sukusuku.jp/kyoushitsu/s90300000058
講談社こども教室 パームシティ和歌山教室,幼児教室/学習塾,和歌山県和歌山市中野31-1パームシティ和歌山1階,南海加太線東松江駅/南海加太線中松江駅,ベビー、年少、年中、年⻑、⼩1、⼩2、⼩3、⼩4、⼩5、⼩6,土日あり/駐車場あり,https://sp-sukusuku.jp/kyoushitsu/s93400000066
講談社こども教室 ふじと台教室,幼児教室/学習塾,和歌山県和歌山市中字楠谷573イオンモール和歌山3階,南海本線和歌山大学前駅,ベビー、年少、年中、年⻑、⼩1、⼩2、⼩3、⼩4、⼩5、⼩6,駅チカ,https://sp-sukusuku.jp/kyoushitsu/s93400000079
講談社こども教室 和歌山教室,幼児教室/学習塾,和歌山県和歌山市新生町7-20イズミヤ和歌山店2階,貴志川線田中口駅/きのくに線宮前駅/貴志川線和歌山駅,ベビー、年少、年中、年⻑、⼩1、⼩2、⼩3、⼩4、⼩5、⼩6,駅チカ,https://sp-sukusuku.jp/kyoushitsu/s93400000075
ピアノ教室 piano musica,音楽教室/ピアノ,和歌山県和歌山市中之島509-6,阪和線(天王寺～和歌山)紀伊中ノ島駅/紀勢本線(和歌山～和歌山市)紀和駅/紀勢本線(和歌山～和歌山市)和歌山駅,N/A,N/A,https://sp-sukusuku.jp/kyoushitsu/s19000009285
能開センター 小松原校,学習塾,和歌山県和歌山市吹上4-1-1アズマハウス吹上ビル,N/A,N/A,N/A,https://sp-sukusuku.jp/kyoushitsu/s18000123659
こどもダンスクラス,ダンス,和歌山県和歌山市美園町5-4-2T-LABOみその商店街...,N/A,N/A,N/A,https://sp-sukusuku.jp/kyoushitsu/s18000123973
極真会館 和歌山支部 西庄道場,空手・拳法,和歌山県和歌山市西庄1037-53,N/A,N/A,N/A,https://sp-sukusuku.jp/kyoushitsu/s18000123755
京阪珠算塾,書道・習字,和歌山県和歌山市久右衛門丁２,N/A,N/A,N/A,https://sp-sukusuku.jp/kyoushitsu/s18000056924
島村楽器音楽教室イオンモール和歌山店,音楽教室,和歌山県和歌山市中字楠谷573イオンモール和歌山2F,N/A,N/A,N/A,https://sp-sukusuku.jp/kyoushitsu/s18000123678
Ｂｅｇｉｎ,学習塾,和歌山県和歌山市松島１２０－２７,N/A,N/A,N/A,https://sp-sukusuku.jp/kyoushitsu/s18000032633
ナビ個別指導学院 和歌山北校,学習塾,和歌山県和歌山市榎原88-1センチュリーパレス泰苑1F,N/A,N/A,N/A,https://sp-sukusuku.jp/kyoushitsu/s18000123939
個別指導Ｗａｍ／河西貴志校／高等部,学習塾,和歌山県和歌山市土入２１－９,N/A,N/A,N/A,https://sp-sukusuku.jp/kyoushitsu/s18000032866
ＧＥＳふじと台ラーニングセンター,学習塾,和歌山県和歌山市中５８３－１－２０２,N/A,N/A,N/A,https://sp-sukusuku.jp/kyoushitsu/s18000032661
ナビ個別指導学院 和歌山東校,学習塾,和歌山県和歌山市園部1416　園部堀口テナントＡ北２階２Ｆ,N/A,N/A,N/A,https://sp-sukusuku.jp/kyoushitsu/s18000123940
英進会,学習塾,和歌山県和歌山市黒田１丁目２－２１,N/A,N/A,N/A,https://sp-sukusuku.jp/kyoushitsu/s18000032645
ＧＥＳ／ターミナル校,学習塾,和歌山県和歌山市黒田１丁目２－２１,N/A,N/A,N/A,https://sp-sukusuku.jp/kyoushitsu/s18000032919
アップル幼児教室,幼児教室,和歌山県和歌山市友田町２丁目１４５,N/A,N/A,N/A,https://sp-sukusuku.jp/kyoushitsu/s18000053610
ＡＩセミナー,学習塾,和歌山県和歌山市市小路１５２,N/A,N/A,N/A,https://sp-sukusuku.jp/kyoushitsu/s18000032628
SSS進学教室 千旦団地前教室,学習塾,和歌山県和歌山市禰宜1589,N/A,N/A,N/A,https://sp-sukusuku.jp/kyoushitsu/s18000123986
進学塾ＴＭ,学習塾,和歌山県和歌山市西浜９１８－８,N/A,N/A,N/A,https://sp-sukusuku.jp/kyoushitsu/s18000032766
ＧＥＳ／県庁前校,学習塾,和歌山県和歌山市東長町５丁目５０,N/A,N/A,N/A,https://sp-sukusuku.jp/kyoushitsu/s18000032781
個別指導Ｗａｍ／宮前校,学習塾,和歌山県和歌山市中島４５－１９,N/A,N/A,N/A,https://sp-sukusuku.jp/kyoushitsu/s18000032685
昇学セミナー四ケ郷教室,学習塾,和歌山県和歌山市新在家１２３－７,N/A,N/A,N/A,https://sp-sukusuku.jp/kyoushitsu/s18000032930
開成アカデミー,学習塾,和歌山県和歌山市美園町５丁目３－１,N/A,N/A,N/A,https://sp-sukusuku.jp/kyoushitsu/s18000032629
和歌山ラグビースクール,ラグビー/サッカー・フットサル,和歌山県和歌山市　紀三井寺運動公園（球技場・陸上競技場）、市...,N/A,N/A,N/A,https://sp-sukusuku.jp/kyoushitsu/s18000123640
進学教室ネクスト／こぐま会高松教室,学習塾,和歌山県和歌山市堀止南ノ丁４－２４,N/A,N/A,N/A,https://sp-sukusuku.jp/kyoushitsu/s18000032859
森井塾,学習塾,和歌山県和歌山市鷺ノ森西ノ丁１８,N/A,N/A,N/A,https://sp-sukusuku.jp/kyoushitsu/s18000032557
学研 松ヶ丘教室,学習塾,和歌山県和歌山市松ヶ丘1丁目7-14,N/A,N/A,N/A,https://sp-sukusuku.jp/kyoushitsu/s18000123810
総合学習アート,学習塾,和歌山県和歌山市小松原５丁目１－４１,N/A,N/A,N/A,https://sp-sukusuku.jp/kyoushitsu/s18000032544
個別指導Ｗａｍ／六十谷校,学習塾,和歌山県和歌山市六十谷７４８－２０１,N/A,N/A,N/A,https://sp-sukusuku.jp/kyoushitsu/s18000032623
極真会館 和歌山支部 和歌浦教室,空手・拳法,和歌山県和歌山市和歌浦東1-1-12,N/A,N/A,N/A,https://sp-sukusuku.jp/kyoushitsu/s18000123752
学研 砂山教室,学習塾,和歌山県和歌山市出口新端ノ丁44富田そろばん教室内,N/A,N/A,N/A,https://sp-sukusuku.jp/kyoushitsu/s18000123815
河合塾マナビス 和歌山駅前校,学習塾,和歌山県和歌山市太田1-14-11オオトヨビル3階,N/A,N/A,N/A,https://sp-sukusuku.jp/kyoushitsu/s18000123866
学研 北中島教室,学習塾,和歌山県和歌山市北中島1-1-26岡文具店2階,N/A,N/A,N/A,https://sp-sukusuku.jp/kyoushitsu/s18000123781
音楽文化堂ピアノワールド,ピアノ,和歌山県和歌山市雑賀屋町東ノ丁７１,N/A,N/A,N/A,https://sp-sukusuku.jp/kyoushitsu/s18000048817
学研 西脇教室,学習塾,和歌山県和歌山市西庄623,N/A,N/A,N/A,https://sp-sukusuku.jp/kyoushitsu/s18000123803
個別指導Ｗａｍ／西脇校,学習塾,和歌山県和歌山市西庄３８９－１－１０２,N/A,N/A,N/A,https://sp-sukusuku.jp/kyoushitsu/s18000032640
秀栄塾松島校,学習塾,和歌山県和歌山市松島１２０－２７,N/A,N/A,N/A,https://sp-sukusuku.jp/kyoushitsu/s18000032732
和歌山YMCA,新体操,和歌山県和歌山市太田１丁目12-13JR和歌山駅東口より徒...,N/A,N/A,N/A,https://sp-sukusuku.jp/kyoushitsu/s18000123641
ソラティオーラ和歌山,サッカー・フットサル,和歌山県和歌山市三葛５１０　屋上スポーツ広場、他,N/A,N/A,N/A,https://sp-sukusuku.jp/kyoushitsu/s18000123954
和歌山キンダースクール,幼児教室,和歌山県和歌山市築港３丁目２０－４,N/A,N/A,N/A,https://sp-sukusuku.jp/kyoushitsu/s18000053606
学研 山口教室,学習塾,和歌山県和歌山市湯屋谷15-1,N/A,N/A,N/A,https://sp-sukusuku.jp/kyoushitsu/s18000123812
和歌山空手道研究会・和空会,空手・拳法,和歌山県和歌山市和佐河南体育館・武道場、和歌浦西県立武道...,N/A,N/A,N/A,https://sp-sukusuku.jp/kyoushitsu/s18000123638
紀州武道塾,柔道,和歌山県和歌山市葵町11-21　葵道場、和歌山放送カルチャー...,N/A,N/A,N/A,https://sp-sukusuku.jp/kyoushitsu/s18000123763
個別指導イースクール紀之川ゼミ本部校,学習塾,和歌山県和歌山市加納２６２－９,N/A,N/A,N/A,https://sp-sukusuku.jp/kyoushitsu/s18000032762
ＩＴＴＯ個別指導学院／紀伊駅前校,学習塾,和歌山県和歌山市北野５３０－１,N/A,N/A,N/A,https://sp-sukusuku.jp/kyoushitsu/s18000032688
個別指導Ｗａｍ／和歌山駅前校／高等部,学習塾,和歌山県和歌山市美園町４丁目８１,N/A,N/A,N/A,https://sp-sukusuku.jp/kyoushitsu/s18000032686
ＰａｔｒｉｃｋのＧｏｏｄｙＥｎｇｌｉｓｈ英会話和歌山教室・貴志川教室,学習塾,和歌山県和歌山市神前６７５－５,N/A,N/A,N/A,https://sp-sukusuku.jp/kyoushitsu/s18000032555
パルポート／紀の川,スイミング・水泳,和歌山県和歌山市栄谷１２５,N/A,N/A,N/A,https://sp-sukusuku.jp/kyoushitsu/s18000051120
東進衛星予備校 和歌山鳴滝校,学習塾,和歌山県和歌山市園部596-170,N/A,N/A,N/A,https://sp-sukusuku.jp/kyoushitsu/s18000123672
ヤマハ音楽教室 東山東幼稚園,音楽教室,和歌山県和歌山市山東中124,N/A,N/A,N/A,https://sp-sukusuku.jp/kyoushitsu/s18000123904
堀川塾,学習塾,和歌山県和歌山市関戸１丁目４－５７,N/A,N/A,N/A,https://sp-sukusuku.jp/kyoushitsu/s18000032634
能開センター／個別指導Ａｘｉｓ／個別和歌山校,学習塾,和歌山県和歌山市黒田１丁目４－１６,N/A,N/A,N/A,https://sp-sukusuku.jp/kyoushitsu/s18000032588
個別指導Ｗａｍ／日進校,学習塾,和歌山県和歌山市鳴神１２０４－２－１Ｆ－Ｂ,N/A,N/A,N/A,https://sp-sukusuku.jp/kyoushitsu/s18000032810
山本忠男,書道・習字,和歌山県和歌山市島橋東ノ丁３－２３,N/A,N/A,N/A,https://sp-sukusuku.jp/kyoushitsu/s18000056932
ヤマハ音楽教室 名草幼稚園,音楽教室,和歌山県和歌山市紀三井寺520,N/A,N/A,N/A,https://sp-sukusuku.jp/kyoushitsu/s18000123895
ＡＢＥＬ総合進学塾,学習塾,和歌山県和歌山市湊通丁南１丁目１－２,N/A,N/A,N/A,https://sp-sukusuku.jp/kyoushitsu/s18000032903
個別指導Ｗａｍ／四箇郷校,学習塾,和歌山県和歌山市加納２０３－３－１０５,N/A,N/A,N/A,https://sp-sukusuku.jp/kyoushitsu/s18000032831
新極真会　和歌山支部　市民体育館道場・紀三井寺道場,空手・拳法,和歌山県和歌山市土入市民体育館、紀三井寺739-1、鳴神1...,N/A,N/A,N/A,https://sp-sukusuku.jp/kyoushitsu/s18000123684
こそね教室,学習塾,和歌山県和歌山市西小二里１丁目３－３５,N/A,N/A,N/A,https://sp-sukusuku.jp/kyoushitsu/s18000032703
進学塾ＣＰＵ,学習塾,和歌山県和歌山市相坂５１５,N/A,N/A,N/A,https://sp-sukusuku.jp/kyoushitsu/s18000032783
学研 紀伊教室,学習塾,和歌山県和歌山市弘西318-4,N/A,N/A,N/A,https://sp-sukusuku.jp/kyoushitsu/s18000123829
セレッソ大阪サッカースクール<和歌山北校・和歌山校>,サッカー・フットサル,和歌山県和歌山市中之島1495中ノ島公園グラウンド,N/A,N/A,N/A,https://sp-sukusuku.jp/kyoushitsu/s18000123956
少林寺拳法和歌山北道院,空手・拳法,和歌山県和歌山市北野１２９－４,N/A,N/A,N/A,https://sp-sukusuku.jp/kyoushitsu/s18000002739
学研 大新教室,学習塾,和歌山県和歌山市新堺丁38(田村将棋・囲碁店1階),N/A,N/A,N/A,https://sp-sukusuku.jp/kyoushitsu/s18000123801
葛本そろばん教室,書道・習字,和歌山県和歌山市毛見２９５－３１,N/A,N/A,N/A,https://sp-sukusuku.jp/kyoushitsu/s18000056926
アドヴァンスむそた,スイミング・水泳,和歌山県和歌山市六十谷７８－５,N/A,N/A,N/A,https://sp-sukusuku.jp/kyoushitsu/s18000051133
株式会社エイチ・エム・グループ,学習塾,和歌山県和歌山市六十谷２２６－１５,N/A,N/A,N/A,https://sp-sukusuku.jp/kyoushitsu/s18000032904
ヤスムラビクトロン,ピアノ,和歌山県和歌山市広瀬通丁１丁目１２,N/A,N/A,N/A,https://sp-sukusuku.jp/kyoushitsu/s18000048816
標準関西和歌山校,学習塾,和歌山県和歌山市九番丁１０,N/A,N/A,N/A,https://sp-sukusuku.jp/kyoushitsu/s18000032670
賢伸ゼミナール,学習塾,和歌山県和歌山市内原８９５－３－１０２,N/A,N/A,N/A,https://sp-sukusuku.jp/kyoushitsu/s18000032687
進学塾エッグ広瀬校,学習塾,和歌山県和歌山市広瀬通丁１丁目２４,N/A,N/A,N/A,https://sp-sukusuku.jp/kyoushitsu/s18000032842
喜望ゼミナール個別指導パーソナルワン,学習塾,和歌山県和歌山市吹屋町５丁目４０－５,N/A,N/A,N/A,https://sp-sukusuku.jp/kyoushitsu/s18000032803
セレソン中之島FC,サッカー・フットサル,和歌山県和歌山市　せせらぎ公園西グラウンド,N/A,N/A,N/A,https://sp-sukusuku.jp/kyoushitsu/s18000123957
創研学院三木町校,学習塾,和歌山県和歌山市三木町中ノ丁１７,N/A,N/A,N/A,https://sp-sukusuku.jp/kyoushitsu/s18000032577
和歌山東高校剣道部,剣道,和歌山県和歌山市森小手穂１３６,N/A,N/A,N/A,https://sp-sukusuku.jp/kyoushitsu/s18000002522
個別指導のレッスンワン,学習塾,和歌山県和歌山市新堀東２丁目５－２９,N/A,N/A,N/A,https://sp-sukusuku.jp/kyoushitsu/s18000032576
能開センター／和歌山本部,学習塾,和歌山県和歌山市黒田１丁目４－１６,N/A,N/A,N/A,https://sp-sukusuku.jp/kyoushitsu/s18000032566
ITTO個別指導学院 有本校,学習塾,和歌山県和歌山市有本8-5,N/A,N/A,N/A,https://sp-sukusuku.jp/kyoushitsu/s18000123993
サウンドポケット,ピアノ,和歌山県和歌山市塩屋５丁目５－４３,N/A,N/A,N/A,https://sp-sukusuku.jp/kyoushitsu/s18000048839
学伸塾,学習塾,和歌山県和歌山市松ケ丘２丁目１－２４,N/A,N/A,N/A,https://sp-sukusuku.jp/kyoushitsu/s18000032651
学研 キラリ有功教室,学習塾,和歌山県和歌山市園部1518-1いさお幼稚園内,N/A,N/A,N/A,https://sp-sukusuku.jp/kyoushitsu/s18000123854
個別指導Axis 楠見校,学習塾,和歌山県和歌山市粟248キューブN,N/A,N/A,N/A,https://sp-sukusuku.jp/kyoushitsu/s18000123735
木上塾大新教室,学習塾,和歌山県和歌山市岡円福院東ノ丁２５,N/A,N/A,N/A,https://sp-sukusuku.jp/kyoushitsu/s18000032922
和教学院,学習塾,和歌山県和歌山市新庄３９１,N/A,N/A,N/A,https://sp-sukusuku.jp/kyoushitsu/s18000032710
株式会社喜望ゼミナール本部,学習塾,和歌山県和歌山市吹屋町５丁目２,N/A,N/A,N/A,https://sp-sukusuku.jp/kyoushitsu/s18000032541
ウィル（ＷＩＬＬ）総合学習塾紀三井寺校,学習塾,和歌山県和歌山市紀三井寺５１９－１,N/A,N/A,N/A,https://sp-sukusuku.jp/kyoushitsu/s18000032575
ＧＥＳ／小松原校,学習塾,和歌山県和歌山市小松原５丁目７－３,N/A,N/A,N/A,https://sp-sukusuku.jp/kyoushitsu/s18000032771
ヤマハ音楽教室 ステーションセンター,音楽教室,和歌山県和歌山市友田町5-43山植ビル4F,N/A,N/A,N/A,https://sp-sukusuku.jp/kyoushitsu/s18000123927
明光義塾 和歌山小松原教室,学習塾,和歌山県和歌山市小松原6-1-8福寿金庫ビル2F,N/A,N/A,N/A,https://sp-sukusuku.jp/kyoushitsu/s18000123645
個別指導Axis 和歌山校,学習塾,和歌山県和歌山市黒田1-4-16能開ビル4F,N/A,N/A,N/A,https://sp-sukusuku.jp/kyoushitsu/s18000123732
能開センター 紀ノ川北校,学習塾,和歌山県和歌山市向153-1スクウェア延時ビル,N/A,N/A,N/A,https://sp-sukusuku.jp/kyoushitsu/s18000123662
知念響フラメンコ教室,ダンス,和歌山県和歌山市,N/A,N/A,N/A,https://sp-sukusuku.jp/kyoushitsu/s18000123679
ジーニアス英数塾,学習塾,和歌山県和歌山市内原８４６,N/A,N/A,N/A,https://sp-sukusuku.jp/kyoushitsu/s18000032909
トップウェルネス　和歌山,バレエ,和歌山県和歌山市北出島1丁目5-48(国体道路),N/A,N/A,N/A,https://sp-sukusuku.jp/kyoushitsu/s18000123951
ＧＥＳ／パームシティ校,学習塾,和歌山県和歌山市中野３１－１,N/A,N/A,N/A,https://sp-sukusuku.jp/kyoushitsu/s18000032838
和歌山武道館剣道錬成クラブ,剣道,和歌山県和歌山市和歌浦西2丁目1-22県立武道館、西浜11...,N/A,N/A,N/A,https://sp-sukusuku.jp/kyoushitsu/s18000123637
ナルミ音楽教室バイエル,ピアノ,和歌山県和歌山市本町２丁目１０,N/A,N/A,N/A,https://sp-sukusuku.jp/kyoushitsu/s18000048845
PETERSOXこども英語教室,英語・英会話,和歌山県和歌山市福町28ハウスブルーネ103,N/A,N/A,N/A,https://sp-sukusuku.jp/kyoushitsu/s18000123987
進学教室アシスト,学習塾,和歌山県和歌山市松江北７丁目１０－１２,N/A,N/A,N/A,https://sp-sukusuku.jp/kyoushitsu/s18000032705
ヤマハ音楽教室 小倉センタ-,音楽教室,和歌山県和歌山市大垣内44,N/A,N/A,N/A,https://sp-sukusuku.jp/kyoushitsu/s18000123910
イクウェル（ＥＱＷＥＬ）チャイルドアカデミー紀三井寺教室,幼児教室,和歌山県和歌山市布引６１８－１,N/A,N/A,N/A,https://sp-sukusuku.jp/kyoushitsu/s18000053607
個別指導Ｗａｍ／楠見校,学習塾,和歌山県和歌山市善明寺４８－１－１Ｆ－Ａ,N/A,N/A,N/A,https://sp-sukusuku.jp/kyoushitsu/s18000032736
個別指導Ｗａｍ／高積校,学習塾,和歌山県和歌山市新庄９９－７,N/A,N/A,N/A,https://sp-sukusuku.jp/kyoushitsu/s18000032898
けいせい塾,学習塾,和歌山県和歌山市園部５９６－１７１,N/A,N/A,N/A,https://sp-sukusuku.jp/kyoushitsu/s18000032902
スクールＩＥ,学習塾,和歌山県和歌山市手平５丁目１－１５,N/A,N/A,N/A,https://sp-sukusuku.jp/kyoushitsu/s18000032579
Ｄｒ関塾紀三井寺校,学習塾,和歌山県和歌山市紀三井寺７４８－３,N/A,N/A,N/A,https://sp-sukusuku.jp/kyoushitsu/s18000032830
岩橋珠算教室,書道・習字,和歌山県和歌山市坂田６６８－３,N/A,N/A,N/A,https://sp-sukusuku.jp/kyoushitsu/s18000056903
江並塾,学習塾,和歌山県和歌山市松江中３丁目６－１９,N/A,N/A,N/A,https://sp-sukusuku.jp/kyoushitsu/s18000032743
ニッケンスクール高典塾,空手・拳法,和歌山県和歌山市堀止西１丁目１０－１４,N/A,N/A,N/A,https://sp-sukusuku.jp/kyoushitsu/s18000002738
能開センター 和歌山校(小学部),学習塾,和歌山県和歌山市太田1-9-9市川ビル1F,N/A,N/A,N/A,https://sp-sukusuku.jp/kyoushitsu/s18000123656
極真会館和歌山支部,空手・拳法,和歌山県和歌山市西庄１０３７－５３,N/A,N/A,N/A,https://sp-sukusuku.jp/kyoushitsu/s18000001234
有限会社ピアノアンドフォルテ,ピアノ,和歌山県和歌山市鳴神４００－６,N/A,N/A,N/A,https://sp-sukusuku.jp/kyoushitsu/s18000048821
学習塾ミューゼ,学習塾,和歌山県和歌山市有本４４３－１３,N/A,N/A,N/A,https://sp-sukusuku.jp/kyoushitsu/s18000032556
ヤマハ音楽教室 六十谷センター,音楽教室,和歌山県和歌山市六十谷748MMKビル3F,N/A,N/A,N/A,https://sp-sukusuku.jp/kyoushitsu/s18000123893
学研 安原ふゆの教室,学習塾,和歌山県和歌山市冬野223-25,N/A,N/A,N/A,https://sp-sukusuku.jp/kyoushitsu/s18000123842
Ｎ’Ｓ進学ゼミ,学習塾,和歌山県和歌山市布施屋６－４,N/A,N/A,N/A,https://sp-sukusuku.jp/kyoushitsu/s18000032548
中高年からのピアノ教室前田,ピアノ,和歌山県和歌山市北島５０６－１３,N/A,N/A,N/A,https://sp-sukusuku.jp/kyoushitsu/s18000048826
個別指導Ｗａｍ／小松原校,学習塾,和歌山県和歌山市吹上４丁目１－５３,N/A,N/A,N/A,https://sp-sukusuku.jp/kyoushitsu/s18000032681
間藤教室ＪＲ和歌山駅前校,学習塾,和歌山県和歌山市美園町５丁目７－４,N/A,N/A,N/A,https://sp-sukusuku.jp/kyoushitsu/s18000032770
パルポート／ワカヤマ,スイミング・水泳,和歌山県和歌山市湊御殿１丁目１－１,N/A,N/A,N/A,https://sp-sukusuku.jp/kyoushitsu/s18000051130
明星塾／秋月教室,学習塾,和歌山県和歌山市秋月８５－１３,N/A,N/A,N/A,https://sp-sukusuku.jp/kyoushitsu/s18000032847
スプラウトスポーツクラブ和歌山,新体操,和歌山県和歌山市　東公園体育館、東公園市民球場、日進中学校体...,N/A,N/A,N/A,https://sp-sukusuku.jp/kyoushitsu/s18000123960
学研 パーム教室,学習塾,和歌山県和歌山市中野1-43,N/A,N/A,N/A,https://sp-sukusuku.jp/kyoushitsu/s18000123848
EQWELチャイルドアカデミー和歌山北教室,幼児教室,和歌山県和歌山市次郎丸98-4フタバビル3F,N/A,N/A,N/A,https://sp-sukusuku.jp/kyoushitsu/s18000124003
ITTO個別指導学院 楠見校,学習塾,和歌山県和歌山市粟258-1,N/A,N/A,N/A,https://sp-sukusuku.jp/kyoushitsu/s18000123994
ＧＥＳ／紀伊校,学習塾,和歌山県和歌山市北野４０９－１,N/A,N/A,N/A,https://sp-sukusuku.jp/kyoushitsu/s18000032709
セルモ 和歌山本部教室,学習塾,和歌山県和歌山市新高町9-19,N/A,N/A,N/A,https://sp-sukusuku.jp/kyoushitsu/s18000123958
合気道神武塾道場,合気道,和歌山県和歌山市津秦１３８－５,N/A,N/A,N/A,https://sp-sukusuku.jp/kyoushitsu/s18000002275
藤井計算実務学校,書道・習字,和歌山県和歌山市太田５８６,N/A,N/A,N/A,https://sp-sukusuku.jp/kyoushitsu/s18000056935
田原塾,学習塾,和歌山県和歌山市秋月１９８－６,N/A,N/A,N/A,https://sp-sukusuku.jp/kyoushitsu/s18000040955
学研教室／和歌山事務局,学習塾,和歌山県和歌山市太田２丁目１４－１１－２０２,N/A,N/A,N/A,https://sp-sukusuku.jp/kyoushitsu/s18000032567
京進スクール・ワン 榎原教室,学習塾,和歌山県和歌山市榎原80-1,N/A,N/A,N/A,https://sp-sukusuku.jp/kyoushitsu/s18000123761
こたにピアノ教室,ピアノ,和歌山県和歌山市湊南海和歌山港駅より徒歩5分,N/A,N/A,N/A,https://sp-sukusuku.jp/kyoushitsu/s18000123974
江川珠算塾,書道・習字,和歌山県和歌山市古屋５７－１２,N/A,N/A,N/A,https://sp-sukusuku.jp/kyoushitsu/s18000056897
学研 しかごう教室,学習塾,和歌山県和歌山市有本371-2,N/A,N/A,N/A,https://sp-sukusuku.jp/kyoushitsu/s18000123852
紀州錬武館葵道場,空手・拳法,和歌山県和歌山市小松原６丁目６－３３,N/A,N/A,N/A,https://sp-sukusuku.jp/kyoushitsu/s18000001235
学研 紀三井寺団地教室,学習塾,和歌山県和歌山市紀三井寺1-160,N/A,N/A,N/A,https://sp-sukusuku.jp/kyoushitsu/s18000123827
スタッドみなと教室,学習塾,和歌山県和歌山市湊５５６,N/A,N/A,N/A,https://sp-sukusuku.jp/kyoushitsu/s18000032856
和歌山県計算実務協会（一般社団法人）,書道・習字,和歌山県和歌山市西汀丁３６,N/A,N/A,N/A,https://sp-sukusuku.jp/kyoushitsu/s18000056910
学研 加納教室,学習塾,和歌山県和歌山市加納6-23,N/A,N/A,N/A,https://sp-sukusuku.jp/kyoushitsu/s18000123837
エンジェル保育園,幼児教室,和歌山県和歌山市新通５丁目１７,N/A,N/A,N/A,https://sp-sukusuku.jp/kyoushitsu/s18000053605
能開センター／個別指導Ａｘｉｓ／個別神前校,学習塾,和歌山県和歌山市神前１４６－１－１Ｆ,N/A,N/A,N/A,https://sp-sukusuku.jp/kyoushitsu/s18000032657
個別指導のスクールIE　手平校,学習塾,和歌山県和歌山市手平5-1-15,N/A,N/A,N/A,https://sp-sukusuku.jp/kyoushitsu/s18000123730
大河内珠算会,書道・習字,和歌山県和歌山市大河内５３３－４,N/A,N/A,N/A,https://sp-sukusuku.jp/kyoushitsu/s18000056920
エッグゼミナール,学習塾,和歌山県和歌山市六十谷９－５,N/A,N/A,N/A,https://sp-sukusuku.jp/kyoushitsu/s18000032558
環バレエスクール　和歌山本部教室,バレエ,和歌山県和歌山市南汀丁13井上ビル4階(和歌山東急イン横)...,N/A,N/A,N/A,https://sp-sukusuku.jp/kyoushitsu/s18000123767
学研 津秦たんぽぽ教室,学習塾,和歌山県和歌山市津秦139-16津秦そろばん教室内,N/A,N/A,N/A,https://sp-sukusuku.jp/kyoushitsu/s18000123796
ギャリー・ナコウ英会話教室,学習塾,和歌山県和歌山市川辺１７２－３,N/A,N/A,N/A,https://sp-sukusuku.jp/kyoushitsu/s18000032622
夢現進学スクール岡本教室,学習塾,和歌山県和歌山市和歌浦南２丁目１０－１４,N/A,N/A,N/A,https://sp-sukusuku.jp/kyoushitsu/s18000032928
ＧＥＳ／ターミナル校２号館,学習塾,和歌山県和歌山市太田１丁目１３－２１,N/A,N/A,N/A,https://sp-sukusuku.jp/kyoushitsu/s18000032753
学研 新在家教室,学習塾,和歌山県和歌山市新在家170-62,N/A,N/A,N/A,https://sp-sukusuku.jp/kyoushitsu/s18000123808
拳武館宇治田道場,空手・拳法,和歌山県和歌山市南汀丁１,N/A,N/A,N/A,https://sp-sukusuku.jp/kyoushitsu/s18000001232
みやび個別指導学院 六十谷校,学習塾,和歌山県和歌山市園部863番5,N/A,N/A,N/A,https://sp-sukusuku.jp/kyoushitsu/s18000123936
紀伊ジュニアフットボールクラブ,サッカー・フットサル,和歌山県和歌山市小豆島紀ノ川第７緑地（小豆島・中州）の河川敷,N/A,N/A,N/A,https://sp-sukusuku.jp/kyoushitsu/s18000123764
嶌本塾,学習塾,和歌山県和歌山市湊３１３８,N/A,N/A,N/A,https://sp-sukusuku.jp/kyoushitsu/s18000032739
学研 吉礼みどり教室,学習塾,和歌山県和歌山市吉礼650-8,N/A,N/A,N/A,https://sp-sukusuku.jp/kyoushitsu/s18000123824
α特進塾和歌山本部教室,学習塾,和歌山県和歌山市相坂５９７－１,N/A,N/A,N/A,https://sp-sukusuku.jp/kyoushitsu/s18000032802
個別指導Axis 六十谷校,学習塾,和歌山県和歌山市六十谷364-1K.N.Bビル2F,N/A,N/A,N/A,https://sp-sukusuku.jp/kyoushitsu/s18000123734
アトリエＲＯＫＯ,絵画・造形,和歌山県和歌山市手平５丁目７－２８,N/A,N/A,N/A,https://sp-sukusuku.jp/kyoushitsu/s18000044152
ファロス個別指導学院南海和歌山市駅教室,学習塾,和歌山県和歌山市東蔵前丁３－１７－３Ｆ,N/A,N/A,N/A,https://sp-sukusuku.jp/kyoushitsu/s18000032677
能開センター 和歌山校(中学部),学習塾,和歌山県和歌山市黒田1-4-16能開ビル5F,N/A,N/A,N/A,https://sp-sukusuku.jp/kyoushitsu/s18000123655
ナビ個別指導学院 和歌山校,学習塾,和歌山県和歌山市太田4-4-13太田ビル201・202,N/A,N/A,N/A,https://sp-sukusuku.jp/kyoushitsu/s18000123942
砂山少年剣友会　立誠館道場,剣道,和歌山県和歌山市砂山南2丁目1-52砂山小学校体育館,N/A,N/A,N/A,https://sp-sukusuku.jp/kyoushitsu/s18000123694
スタッド 小倉勝宝台教室,学習塾,和歌山県和歌山市下三毛691-31,N/A,N/A,N/A,https://sp-sukusuku.jp/kyoushitsu/s18000123968
学研 木ノ本はなまる教室,学習塾,和歌山県和歌山市木ノ本71-23,N/A,N/A,N/A,https://sp-sukusuku.jp/kyoushitsu/s18000123777
アカデミーキャンパス県庁前校,学習塾,和歌山県和歌山市南中間町３０,N/A,N/A,N/A,https://sp-sukusuku.jp/kyoushitsu/s18000032752
マイゼミナール,学習塾,和歌山県和歌山市神前３５１－１,N/A,N/A,N/A,https://sp-sukusuku.jp/kyoushitsu/s18000032551
和歌山ＹＭＣＡＹキッズアカデミー,幼児教室,和歌山県和歌山市太田１丁目１２－１３,N/A,N/A,N/A,https://sp-sukusuku.jp/kyoushitsu/s18000053611
明光義塾和歌山駅前教室,学習塾,和歌山県和歌山市太田１丁目１１－１３－３Ｆ－Ｄ,N/A,N/A,N/A,https://sp-sukusuku.jp/kyoushitsu/s18000032763
学研 紀ノ川台教室,学習塾,和歌山県和歌山市六十谷1342-278,N/A,N/A,N/A,https://sp-sukusuku.jp/kyoushitsu/s18000123830
学研CAIスクール 咲花教室,学習塾,和歌山県和歌山市島崎町3丁目35,N/A,N/A,N/A,https://sp-sukusuku.jp/kyoushitsu/s18000123770
学研 ふじと台教室,学習塾,和歌山県和歌山市中700-106,N/A,N/A,N/A,https://sp-sukusuku.jp/kyoushitsu/s18000123847
学研 みやきた教室,学習塾,和歌山県和歌山市黒田161-10,N/A,N/A,N/A,https://sp-sukusuku.jp/kyoushitsu/s18000123844
すくすく知育教室,幼児教室,和歌山県和歌山市杭ノ瀬157-24,N/A,N/A,N/A,https://sp-sukusuku.jp/kyoushitsu/s18000123971
個別対応学舎,学習塾,和歌山県和歌山市吉田４１０－１,N/A,N/A,N/A,https://sp-sukusuku.jp/kyoushitsu/s18000032655
ITTO個別指導学院 紀伊駅前校,学習塾,和歌山県和歌山市北野530-1,N/A,N/A,N/A,https://sp-sukusuku.jp/kyoushitsu/s18000123996
学研 かわなが教室,学習塾,和歌山県和歌山市永穂68-7,N/A,N/A,N/A,https://sp-sukusuku.jp/kyoushitsu/s18000123855
楠見少年サッカークラブ,サッカー・フットサル,和歌山県和歌山市善明寺　楠見東小学校体育館、楠見グラウンド,N/A,N/A,N/A,https://sp-sukusuku.jp/kyoushitsu/s18000123668
和歌山県合気道連盟,合気道,和歌山県和歌山市三葛３６４,N/A,N/A,N/A,https://sp-sukusuku.jp/kyoushitsu/s18000002281
学習塾・進学塾　喜望ゼミナール,幼児教室,和歌山県和歌山市吹屋町5丁目2,N/A,N/A,N/A,https://sp-sukusuku.jp/kyoushitsu/s18000123769
京進スクール・ワン榎原教室,学習塾,和歌山県和歌山市榎原８０－１,N/A,N/A,N/A,https://sp-sukusuku.jp/kyoushitsu/s18000032773
ＧＥＳ／楠見校,学習塾,和歌山県和歌山市善明寺３０１,N/A,N/A,N/A,https://sp-sukusuku.jp/kyoushitsu/s18000032694
公文式／城北教室,学習塾,和歌山県和歌山市東鍛冶屋町１４,N/A,N/A,N/A,https://sp-sukusuku.jp/kyoushitsu/s18000032924
尾﨑学習塾,学習塾,和歌山県和歌山市六十谷９８６,N/A,N/A,N/A,https://sp-sukusuku.jp/kyoushitsu/s18000032912
日本空手協会 和歌山支部,空手・拳法,和歌山県和歌山市栄谷,N/A,N/A,N/A,https://sp-sukusuku.jp/kyoushitsu/s18000123666
智辯進学スクール,学習塾,和歌山県和歌山市黒田２丁目２－２２,N/A,N/A,N/A,https://sp-sukusuku.jp/kyoushitsu/s18000032572
進学教室　浜学園　和歌山教室,学習塾,和歌山県和歌山市美園町5-7-8(パーク美園町ビル5F・6...,N/A,N/A,N/A,https://sp-sukusuku.jp/kyoushitsu/s18000123682
ヤマハ音楽教室 県庁前センター,音楽教室,和歌山県和歌山市吹上1-2-20,N/A,N/A,N/A,https://sp-sukusuku.jp/kyoushitsu/s18000123915
スプラウト和歌山サッカークラブ,サッカー・フットサル,和歌山県和歌山市北出島　和歌山東公園,N/A,N/A,N/A,https://sp-sukusuku.jp/kyoushitsu/s18000123959
外畑そろばん教室,書道・習字,和歌山県和歌山市南材木丁３丁目１７,N/A,N/A,N/A,https://sp-sukusuku.jp/kyoushitsu/s18000056901
オズマ学習塾,学習塾,和歌山県和歌山市和歌川町３－１３,N/A,N/A,N/A,https://sp-sukusuku.jp/kyoushitsu/s18000032547
PETERSOX こども将棋教室,学習塾,和歌山県和歌山市福島28ハウスブルーネ1F,N/A,N/A,N/A,https://sp-sukusuku.jp/kyoushitsu/s18000123988
スタッド 福島教室,学習塾,和歌山県和歌山市福島54-1-101,N/A,N/A,N/A,https://sp-sukusuku.jp/kyoushitsu/s18000123963
ＩＴＴＯ個別指導学院有本校,学習塾,和歌山県和歌山市有本８－５,N/A,N/A,N/A,https://sp-sukusuku.jp/kyoushitsu/s18000032754
ヤマハ音楽教室 粟教室,音楽教室,和歌山県和歌山市粟258-1,N/A,N/A,N/A,https://sp-sukusuku.jp/kyoushitsu/s18000123922
合気道六十谷道場,合気道,和歌山県和歌山市六十谷４９２－５,N/A,N/A,N/A,https://sp-sukusuku.jp/kyoushitsu/s18000002279
ヤマハ音楽教室 紀伊教室,音楽教室,和歌山県和歌山市宇田森314-3,N/A,N/A,N/A,https://sp-sukusuku.jp/kyoushitsu/s18000123918
進学塾チャレンジ１,学習塾,和歌山県和歌山市次郎丸９８－４,N/A,N/A,N/A,https://sp-sukusuku.jp/kyoushitsu/s18000032683
COCO塾ジュニア　湊ジュニア教室・堀止西ジュニア教室 他,英語・英会話,和歌山県和歌山市湊584-34・堀止西1-1-41・...,N/A,N/A,N/A,https://sp-sukusuku.jp/kyoushitsu/s18000124010
学習塾松江教室,学習塾,和歌山県和歌山市榎原１４０－１８,N/A,N/A,N/A,https://sp-sukusuku.jp/kyoushitsu/s18000032881
能開センター／小松原校,学習塾,和歌山県和歌山市吹上４丁目１－１,N/A,N/A,N/A,https://sp-sukusuku.jp/kyoushitsu/s18000032863
トップウェルネス和歌山,スイミング・水泳,和歌山県和歌山市北出島１丁目５－４８,N/A,N/A,N/A,https://sp-sukusuku.jp/kyoushitsu/s18000051124
川端塾,学習塾,和歌山県和歌山市福町４９－５Ｆ,N/A,N/A,N/A,https://sp-sukusuku.jp/kyoushitsu/s18000032920
ヤマハ音楽教室服部楽器福島センター,ピアノ,和歌山県和歌山市福島３１８,N/A,N/A,N/A,https://sp-sukusuku.jp/kyoushitsu/s18000048818
ＴＳ進学塾／木ノ本教室,学習塾,和歌山県和歌山市木ノ本１２２－１,N/A,N/A,N/A,https://sp-sukusuku.jp/kyoushitsu/s18000040957
公文式 日進中前教室・内原教室 ほか,幼児教室,和歌山県和歌山市秋月560-3・内原970-5・黒田...,N/A,N/A,N/A,https://sp-sukusuku.jp/kyoushitsu/s18000123707
学研 田尻教室,学習塾,和歌山県和歌山市田尻429,N/A,N/A,N/A,https://sp-sukusuku.jp/kyoushitsu/s18000123794
勝商塾千旦団地前教室,学習塾,和歌山県和歌山市禰宜１５８９,N/A,N/A,N/A,https://sp-sukusuku.jp/kyoushitsu/s18000032546
健心館　畠中道場,柔道,和歌山県和歌山市和歌浦西一丁目4-11,N/A,N/A,N/A,https://sp-sukusuku.jp/kyoushitsu/s18000123748
ＫＥＧ／本部,学習塾,和歌山県和歌山市友田町２丁目１４５,N/A,N/A,N/A,https://sp-sukusuku.jp/kyoushitsu/s18000032573
ＹＡＮＯ塾・グループ個別指導本部校,学習塾,和歌山県和歌山市榎原３００－４,N/A,N/A,N/A,https://sp-sukusuku.jp/kyoushitsu/s18000032821
井口英語ゼミ,学習塾,和歌山県和歌山市吹上４丁目２－３０,N/A,N/A,N/A,https://sp-sukusuku.jp/kyoushitsu/s18000032916
学研 木ノ本ニュータウン教室,学習塾,和歌山県和歌山市木ノ本1675-39,N/A,N/A,N/A,https://sp-sukusuku.jp/kyoushitsu/s18000123778
学研 直川小学校前教室,学習塾,和歌山県和歌山市直川1233-8,N/A,N/A,N/A,https://sp-sukusuku.jp/kyoushitsu/s18000123797
国際空手道連盟　極真会館 和歌山支部,空手・拳法,和歌山県和歌山市秋葉町4-8　理容会館1階、榎原195-8　...,N/A,N/A,N/A,https://sp-sukusuku.jp/kyoushitsu/s18000123697
八幡台ジュニアサッカークラブ,サッカー・フットサル,和歌山県和歌山市西庄　八幡台小学校,N/A,N/A,N/A,https://sp-sukusuku.jp/kyoushitsu/s18000123654
スタッド 吐前教室,学習塾,和歌山県和歌山市吐前644-1,N/A,N/A,N/A,https://sp-sukusuku.jp/kyoushitsu/s18000123965
開成アカデミー 和歌山駅前校,学習塾,和歌山県和歌山市美園町5丁目3-1雑村ビル4F,N/A,N/A,N/A,https://sp-sukusuku.jp/kyoushitsu/s18000123862
学研 こざいか教室,学習塾,和歌山県和歌山市小雑賀149,N/A,N/A,N/A,https://sp-sukusuku.jp/kyoushitsu/s18000123853
江川珠算塾,書道・習字,和歌山県和歌山市松江北４丁目６－９,N/A,N/A,N/A,https://sp-sukusuku.jp/kyoushitsu/s18000056905
ＧＥＳ／明和校,学習塾,和歌山県和歌山市内原９２５－１,N/A,N/A,N/A,https://sp-sukusuku.jp/kyoushitsu/s18000032647
フォース（ｆｏｒｃｅ）,学習塾,和歌山県和歌山市久右衛門丁１９,N/A,N/A,N/A,https://sp-sukusuku.jp/kyoushitsu/s18000032921
浜学園和歌山教室,学習塾,和歌山県和歌山市美園町５丁目７－８,N/A,N/A,N/A,https://sp-sukusuku.jp/kyoushitsu/s18000032711
ヤマハ音楽教室 福島センター,音楽教室,和歌山県和歌山市福島318,N/A,N/A,N/A,https://sp-sukusuku.jp/kyoushitsu/s18000123899
ガウディア和歌山エリア本部,学習塾,和歌山県和歌山市友田町２丁目１４５,N/A,N/A,N/A,https://sp-sukusuku.jp/kyoushitsu/s18000032900
アレック教育グループ,学習塾,和歌山県和歌山市塩屋５丁目５－１,N/A,N/A,N/A,https://sp-sukusuku.jp/kyoushitsu/s18000032782
ｉＴｅｅｎ和歌山駅前校,学習塾,和歌山県和歌山市太田１丁目１１－１３－２Ｆ,N/A,N/A,N/A,https://sp-sukusuku.jp/kyoushitsu/s18000032621
能開センター／能開プレスクール和歌山校,学習塾,和歌山県和歌山市太田１丁目９－９,N/A,N/A,N/A,https://sp-sukusuku.jp/kyoushitsu/s18000032653
学研 イング藤戸台教室,学習塾,和歌山県和歌山市栄谷976-134紀州ソロバン内,N/A,N/A,N/A,https://sp-sukusuku.jp/kyoushitsu/s18000123858
能開センター／個別指導Ａｘｉｓ／個別小松原校,学習塾,和歌山県和歌山市吹上４丁目１－１,N/A,N/A,N/A,https://sp-sukusuku.jp/kyoushitsu/s18000032727
総合格闘技日本空手道無名塾,空手・拳法,和歌山県和歌山市梶取１７２－１,N/A,N/A,N/A,https://sp-sukusuku.jp/kyoushitsu/s18000001236
暁星セミナー,学習塾,和歌山県和歌山市太田１３０－１,N/A,N/A,N/A,https://sp-sukusuku.jp/kyoushitsu/s18000032698
ミュージックサロン和歌山,ピアノ,和歌山県和歌山市南大工町７－１－４Ｆ,N/A,N/A,N/A,https://sp-sukusuku.jp/kyoushitsu/s18000048829
進学塾ライナー（ＬＩＮＥＡＲ）,学習塾,和歌山県和歌山市出口中ノ丁３３,N/A,N/A,N/A,https://sp-sukusuku.jp/kyoushitsu/s18000032549
喜望ゼミナール知能教育トライアングル,学習塾,和歌山県和歌山市吹屋町５丁目４０－５,N/A,N/A,N/A,https://sp-sukusuku.jp/kyoushitsu/s18000032719
明星塾／西浜教室,学習塾,和歌山県和歌山市西浜３丁目４－２８,N/A,N/A,N/A,https://sp-sukusuku.jp/kyoushitsu/s18000032674
けいせい塾四谷大塚ＮＥＴ,学習塾,和歌山県和歌山市太田１丁目１３－１５,N/A,N/A,N/A,https://sp-sukusuku.jp/kyoushitsu/s18000032768
進学塾テラ（ＴＥＲＲＡ）有本教室,学習塾,和歌山県和歌山市有本２２６－２８,N/A,N/A,N/A,https://sp-sukusuku.jp/kyoushitsu/s18000032757
海堀ピアノ教室,ピアノ,和歌山県和歌山市木ノ本８５９－１６,N/A,N/A,N/A,https://sp-sukusuku.jp/kyoushitsu/s18000048840
ジストスポーツクラブ和歌山,スイミング・水泳,和歌山県和歌山市中野30,N/A,N/A,N/A,https://sp-sukusuku.jp/kyoushitsu/s18000123972
ガウディア堀止教室,学習塾,和歌山県和歌山市堀止西１丁目２－２３,N/A,N/A,N/A,https://sp-sukusuku.jp/kyoushitsu/s18000032750
学研 本町教室,学習塾,和歌山県和歌山市西釘貫丁3丁目13-1グランドハイツ本町5...,N/A,N/A,N/A,https://sp-sukusuku.jp/kyoushitsu/s18000123779
ヤマハ音楽教室 古屋センター,音楽教室,和歌山県和歌山市古屋171-1本田ビル2F,N/A,N/A,N/A,https://sp-sukusuku.jp/kyoushitsu/s18000123914
個別指導Ｗａｍ,学習塾,和歌山県和歌山市六十谷２２６－１５,N/A,N/A,N/A,https://sp-sukusuku.jp/kyoushitsu/s18000032560
フレックス・スポーツクラブ,スイミング・水泳,和歌山県和歌山市和歌浦東４丁目４,N/A,N/A,N/A,https://sp-sukusuku.jp/kyoushitsu/s18000051121
ＴＧＫわーくるーむ,学習塾,和歌山県和歌山市関戸１丁目４－３０,N/A,N/A,N/A,https://sp-sukusuku.jp/kyoushitsu/s18000032913
前田ピアノ教室,ピアノ,和歌山県和歌山市和歌浦中２丁目８－１９,N/A,N/A,N/A,https://sp-sukusuku.jp/kyoushitsu/s18000048843
ＯＭＩセミナー,学習塾,和歌山県和歌山市古屋７７－１０,N/A,N/A,N/A,https://sp-sukusuku.jp/kyoushitsu/s18000032779
河合塾マナビス／和歌山駅前校,学習塾,和歌山県和歌山市太田１丁目１４－１１,N/A,N/A,N/A,https://sp-sukusuku.jp/kyoushitsu/s18000032627
学研 雄湊教室,学習塾,和歌山県和歌山市南甚五兵衛丁3青谷マンション1F,N/A,N/A,N/A,https://sp-sukusuku.jp/kyoushitsu/s18000123775
錬誠会和歌山県本部,空手・拳法,和歌山県和歌山市小松原６丁目６－３３,N/A,N/A,N/A,https://sp-sukusuku.jp/kyoushitsu/s18000051589
上野塾,学習塾,和歌山県和歌山市津秦１６６－３,N/A,N/A,N/A,https://sp-sukusuku.jp/kyoushitsu/s18000032648
リーガ水球クラブ,スイミング・水泳,和歌山県和歌山市太田１２７　向陽高校プール,N/A,N/A,N/A,https://sp-sukusuku.jp/kyoushitsu/s18000123882
個別指導ゴールウェイ,学習塾,和歌山県和歌山市吉田４６４,N/A,N/A,N/A,https://sp-sukusuku.jp/kyoushitsu/s18000032590
EQWELチャイルドアカデミーMickey教室,幼児教室,和歌山県和歌山市宇田森109,N/A,N/A,N/A,https://sp-sukusuku.jp/kyoushitsu/s18000124008
教育センター和歌山,学習塾,和歌山県和歌山市美園町５丁目１２－２,N/A,N/A,N/A,https://sp-sukusuku.jp/kyoushitsu/s18000032834
優学館ゼミ,学習塾,和歌山県和歌山市梶取２４４－２５,N/A,N/A,N/A,https://sp-sukusuku.jp/kyoushitsu/s18000032788
スタッド 布引教室,学習塾,和歌山県和歌山市布引796-2,N/A,N/A,N/A,https://sp-sukusuku.jp/kyoushitsu/s18000123964
美麗書院,書道・習字,和歌山県和歌山市塩屋４丁目６－５８,N/A,N/A,N/A,https://sp-sukusuku.jp/kyoushitsu/s18000058827
EQWELチャイルドアカデミー紀三井寺教室,幼児教室,和歌山県和歌山市布引618-1,N/A,N/A,N/A,https://sp-sukusuku.jp/kyoushitsu/s18000124005
ありがとう幼児教室,幼児教室,和歌山県和歌山市東長町５丁目７１,N/A,N/A,N/A,https://sp-sukusuku.jp/kyoushitsu/s18000053609
学研 楠見教室,学習塾,和歌山県和歌山市大谷34-1(カフェ・ド・ベル内),N/A,N/A,N/A,https://sp-sukusuku.jp/kyoushitsu/s18000123789
東進衛星予備校 和歌山駅前校,学習塾,和歌山県和歌山市太田1-13-15,N/A,N/A,N/A,https://sp-sukusuku.jp/kyoushitsu/s18000123673
Bright Child,英語・英会話,和歌山県和歌山市,N/A,N/A,N/A,https://sp-sukusuku.jp/kyoushitsu/s18000124012
啓己塾,学習塾,和歌山県和歌山市栄谷８９３－８,N/A,N/A,N/A,https://sp-sukusuku.jp/kyoushitsu/s18000032887
学研 三葛教室,学習塾,和歌山県和歌山市三葛625-4,N/A,N/A,N/A,https://sp-sukusuku.jp/kyoushitsu/s18000123814
セルモ和歌山本部校,学習塾,和歌山県和歌山市新高町９－１８,N/A,N/A,N/A,https://sp-sukusuku.jp/kyoushitsu/s18000032890
ＮＥＸＴ大学受験予備校六十谷駅前校,学習塾,和歌山県和歌山市六十谷３４６,N/A,N/A,N/A,https://sp-sukusuku.jp/kyoushitsu/s18000032742
野崎珠算塾野崎教場,書道・習字,和歌山県和歌山市野崎１０６－８,N/A,N/A,N/A,https://sp-sukusuku.jp/kyoushitsu/s18000056929
個別指導Axis 神前校,学習塾,和歌山県和歌山市神前146-1メゾンローズ1F,N/A,N/A,N/A,https://sp-sukusuku.jp/kyoushitsu/s18000123738
明光義塾 和歌山本町教室,学習塾,和歌山県和歌山市本町1-32-4,N/A,N/A,N/A,https://sp-sukusuku.jp/kyoushitsu/s18000123643
高松学習センター,学習塾,和歌山県和歌山市東高松３丁目２－１２,N/A,N/A,N/A,https://sp-sukusuku.jp/kyoushitsu/s18000032675
ヤマハ音楽教室 神前教室,音楽教室,和歌山県和歌山市神前109-11,N/A,N/A,N/A,https://sp-sukusuku.jp/kyoushitsu/s18000123908
公文式／吹上・砂山・片男波教室,学習塾,和歌山県和歌山市堀止東１丁目２－２１,N/A,N/A,N/A,https://sp-sukusuku.jp/kyoushitsu/s18000032561
榊原ピアノ教室,ピアノ,和歌山県和歌山市手平１丁目４－２４,N/A,N/A,N/A,https://sp-sukusuku.jp/kyoushitsu/s18000048844
明光義塾 和歌山西庄教室,学習塾,和歌山県和歌山市西庄274-62レスペート西庄Ⅵ,N/A,N/A,N/A,https://sp-sukusuku.jp/kyoushitsu/s18000123644
進学教室ネクスト／高積校,学習塾,和歌山県和歌山市東田中１７－３,N/A,N/A,N/A,https://sp-sukusuku.jp/kyoushitsu/s18000032800
WAKAYAMA Continental Family,音楽教室,和歌山県和歌山市民会館,N/A,N/A,N/A,https://sp-sukusuku.jp/kyoushitsu/s18000123985
個別指導マーベル砂山校,学習塾,和歌山県和歌山市湊３１４９－２,N/A,N/A,N/A,https://sp-sukusuku.jp/kyoushitsu/s18000032910
能開センターワオの家庭教師和歌山本部,学習塾,和歌山県和歌山市黒田１丁目４－１６,N/A,N/A,N/A,https://sp-sukusuku.jp/kyoushitsu/s18000032642
東進衛星予備校／和歌山駅前校,学習塾,和歌山県和歌山市太田１丁目１３－１５,N/A,N/A,N/A,https://sp-sukusuku.jp/kyoushitsu/s18000032715
学研 杭ノ瀬教室,学習塾,和歌山県和歌山市杭ノ瀬134-6,N/A,N/A,N/A,https://sp-sukusuku.jp/kyoushitsu/s18000123817
能開センター／和歌山校／高校部,学習塾,和歌山県和歌山市黒田１丁目４－１６,N/A,N/A,N/A,https://sp-sukusuku.jp/kyoushitsu/s18000032858
ガウディアけやき通り教室,学習塾,和歌山県和歌山市友田町２丁目１４５,N/A,N/A,N/A,https://sp-sukusuku.jp/kyoushitsu/s18000032862
秀英塾,学習塾,和歌山県和歌山市園部９７,N/A,N/A,N/A,https://sp-sukusuku.jp/kyoushitsu/s18000032666
合気道至誠館道場,合気道,和歌山県和歌山市新中島９９,N/A,N/A,N/A,https://sp-sukusuku.jp/kyoushitsu/s18000002280
ナビ個別指導学院 和歌山西校,学習塾,和歌山県和歌山市屋形町4-18-1F,N/A,N/A,N/A,https://sp-sukusuku.jp/kyoushitsu/s18000123941
ＤＳアカデミー,学習塾,和歌山県和歌山市六十谷１６４,N/A,N/A,N/A,https://sp-sukusuku.jp/kyoushitsu/s18000032553
学研 なかのしま教室,学習塾,和歌山県和歌山市中之島1612,N/A,N/A,N/A,https://sp-sukusuku.jp/kyoushitsu/s18000123850
個別指導Axis 小松原校,学習塾,和歌山県和歌山市吹上4-1-1アズマハウス吹上ビル,N/A,N/A,N/A,https://sp-sukusuku.jp/kyoushitsu/s18000123739
明光義塾和歌山市駅前教室,学習塾,和歌山県和歌山市屏風丁１－１－１Ｆ,N/A,N/A,N/A,https://sp-sukusuku.jp/kyoushitsu/s18000032804
学研 貴志教室,学習塾,和歌山県和歌山市栄谷893-8久保ビル1階,N/A,N/A,N/A,https://sp-sukusuku.jp/kyoushitsu/s18000123826
ＥＣＯゼミナール,学習塾,和歌山県和歌山市杭ノ瀬１１１－１,N/A,N/A,N/A,https://sp-sukusuku.jp/kyoushitsu/s18000032631
スタッド 木の本教室,学習塾,和歌山県和歌山市木の本686,N/A,N/A,N/A,https://sp-sukusuku.jp/kyoushitsu/s18000123961
ＧＥＳ／西庄校,学習塾,和歌山県和歌山市西庄３３７－２,N/A,N/A,N/A,https://sp-sukusuku.jp/kyoushitsu/s18000032908
学研CAIスクール Study Fun 楠見校,学習塾,和歌山県和歌山市大谷374-1,N/A,N/A,N/A,https://sp-sukusuku.jp/kyoushitsu/s18000123772
個別指導のスクールIE　西ノ庄校,学習塾,和歌山県和歌山市西庄338-34レスペート西庄31F,N/A,N/A,N/A,https://sp-sukusuku.jp/kyoushitsu/s18000123729
大学受験専門アカデミーキャンパス,学習塾,和歌山県和歌山市黒田１丁目２－２１,N/A,N/A,N/A,https://sp-sukusuku.jp/kyoushitsu/s18000032833
岩橋珠算教室,書道・習字,和歌山県和歌山市杭ノ瀬１８０－３０,N/A,N/A,N/A,https://sp-sukusuku.jp/kyoushitsu/s18000056900
藤田塾和歌山キンダースクール,学習塾,和歌山県和歌山市築港３丁目２０－４,N/A,N/A,N/A,https://sp-sukusuku.jp/kyoushitsu/s18000032884
ユニスタイル和歌山,幼児教室,和歌山県和歌山市太田４丁目４－４１,N/A,N/A,N/A,https://sp-sukusuku.jp/kyoushitsu/s18000054478
家庭教師・学参,学習塾,和歌山県和歌山市全域,N/A,N/A,N/A,https://sp-sukusuku.jp/kyoushitsu/s18000123877
ベスト進学塾,学習塾,和歌山県和歌山市六十谷１０４１－１,N/A,N/A,N/A,https://sp-sukusuku.jp/kyoushitsu/s18000032805
第一ゼミナール／南海和歌山市駅校,学習塾,和歌山県和歌山市東蔵前丁３－１７－３Ｆ,N/A,N/A,N/A,https://sp-sukusuku.jp/kyoushitsu/s18000032582
株式会社服部楽器店,ピアノ,和歌山県和歌山市吹上１丁目２－２０,N/A,N/A,N/A,https://sp-sukusuku.jp/kyoushitsu/s18000048819
ＧＥＳ／西浜校,学習塾,和歌山県和歌山市西浜３丁目９－５６,N/A,N/A,N/A,https://sp-sukusuku.jp/kyoushitsu/s18000032604
公文式／紀伊弘西教室,学習塾,和歌山県和歌山市弘西８０９,N/A,N/A,N/A,https://sp-sukusuku.jp/kyoushitsu/s18000032600
能開センター／紀ノ川北校,学習塾,和歌山県和歌山市向１５３－１,N/A,N/A,N/A,https://sp-sukusuku.jp/kyoushitsu/s18000032775
スタッド 松島教室,学習塾,和歌山県和歌山市松島254-21,N/A,N/A,N/A,https://sp-sukusuku.jp/kyoushitsu/s18000123967
スクールＩＥ西ノ庄校,学習塾,和歌山県和歌山市西庄３３８－３４,N/A,N/A,N/A,https://sp-sukusuku.jp/kyoushitsu/s18000032907
個別教室のトライ 和歌山駅前校,学習塾,和歌山県和歌山市美園町5丁目2-5アイワビル3F,N/A,N/A,N/A,https://sp-sukusuku.jp/kyoushitsu/s18000123747
個別指導Ｗａｍ／河北校,学習塾,和歌山県和歌山市狐島６０１－２０１,N/A,N/A,N/A,https://sp-sukusuku.jp/kyoushitsu/s18000032606
学研 わかうら教室,学習塾,和歌山県和歌山市和歌浦中1丁目2-42,N/A,N/A,N/A,https://sp-sukusuku.jp/kyoushitsu/s18000123843
ムービンハイダンススタジオ,バレエ,和歌山県和歌山市友田町4-50ゴトウ本店JR和歌山駅前店2階,N/A,N/A,N/A,https://sp-sukusuku.jp/kyoushitsu/s18000123934
喜望ゼミナールLepton本部校,英語・英会話,和歌山県和歌山市吹屋町5丁目40-5,N/A,N/A,N/A,https://sp-sukusuku.jp/kyoushitsu/s18000123765
個別指導Axis 和歌浦校,学習塾,和歌山県和歌山市和歌浦東1-2-36,N/A,N/A,N/A,https://sp-sukusuku.jp/kyoushitsu/s18000123733
翔学舎,学習塾,和歌山県和歌山市鳴神１２０－３,N/A,N/A,N/A,https://sp-sukusuku.jp/kyoushitsu/s18000032892
童夢ぽけっと,絵画・造形,和歌山県和歌山市田中町２丁目６４,N/A,N/A,N/A,https://sp-sukusuku.jp/kyoushitsu/s18000044154
練心館学習塾,学習塾,和歌山県和歌山市紀三井寺７３６－１１,N/A,N/A,N/A,https://sp-sukusuku.jp/kyoushitsu/s18000032864
スタッド 湊御殿教室,学習塾,和歌山県和歌山市湊御殿1-7-36,N/A,N/A,N/A,https://sp-sukusuku.jp/kyoushitsu/s18000123962
紀州学習塾,学習塾,和歌山県和歌山市上町４６,N/A,N/A,N/A,https://sp-sukusuku.jp/kyoushitsu/s18000032885
個別指導Ｗａｍ／川永校,学習塾,和歌山県和歌山市島２６－１４,N/A,N/A,N/A,https://sp-sukusuku.jp/kyoushitsu/s18000032816
河合サテライト松島校,学習塾,和歌山県和歌山市松島１２０－１７,N/A,N/A,N/A,https://sp-sukusuku.jp/kyoushitsu/s18000032605
学研 北島教室,学習塾,和歌山県和歌山市北島331ー3,N/A,N/A,N/A,https://sp-sukusuku.jp/kyoushitsu/s18000123780
個別指導Axis 紀ノ川北校,学習塾,和歌山県和歌山市向153-1スクウェア延時ビル,N/A,N/A,N/A,https://sp-sukusuku.jp/kyoushitsu/s18000123743
能開センター／個別指導Ａｘｉｓ／個別紀ノ川北校,学習塾,和歌山県和歌山市向１５３－１,N/A,N/A,N/A,https://sp-sukusuku.jp/kyoushitsu/s18000032728
学研 西高松教室,学習塾,和歌山県和歌山市西高松2丁目11-45,N/A,N/A,N/A,https://sp-sukusuku.jp/kyoushitsu/s18000123804
個別指導Ｗａｍ／和歌山駅前校,学習塾,和歌山県和歌山市美園町４丁目８１,N/A,N/A,N/A,https://sp-sukusuku.jp/kyoushitsu/s18000032765
第一ゼミナール／紀ノ川校,学習塾,和歌山県和歌山市松江北２丁目６－７－２Ｆ,N/A,N/A,N/A,https://sp-sukusuku.jp/kyoushitsu/s18000032667
極真空手 和歌山市紀伊駅前道場,空手・拳法,和歌山県和歌山市北野442-30,N/A,N/A,N/A,https://sp-sukusuku.jp/kyoushitsu/s18000123750
個別指導Ｗａｍ／河西貴志校,学習塾,和歌山県和歌山市土入２１－９,N/A,N/A,N/A,https://sp-sukusuku.jp/kyoushitsu/s18000032724
学習塾リーフ,学習塾,和歌山県和歌山市和歌浦東２丁目８－２０,N/A,N/A,N/A,https://sp-sukusuku.jp/kyoushitsu/s18000032717
ＫＧセミナー,学習塾,和歌山県和歌山市黒田２丁目２－２２－２０６,N/A,N/A,N/A,https://sp-sukusuku.jp/kyoushitsu/s18000040954
進学予備校学錬館,学習塾,和歌山県和歌山市太田３丁目６－９,N/A,N/A,N/A,https://sp-sukusuku.jp/kyoushitsu/s18000032654
能開センター／和歌山校／中学部,学習塾,和歌山県和歌山市黒田１丁目４－１６,N/A,N/A,N/A,https://sp-sukusuku.jp/kyoushitsu/s18000032664
株式会社ＫＥＧキャリア・アカデミー,学習塾,和歌山県和歌山市友田町２丁目１４５,N/A,N/A,N/A,https://sp-sukusuku.jp/kyoushitsu/s18000032796
明光義塾 和大前駅前教室,学習塾,和歌山県和歌山市中573-19ふじと台ステーションビル4...,N/A,N/A,N/A,https://sp-sukusuku.jp/kyoushitsu/s18000123642
mash art チョークアート教室,絵画・造形,和歌山県和歌山市狐島379,N/A,N/A,N/A,https://sp-sukusuku.jp/kyoushitsu/s18000123990
GO-EIGO 和歌山英会話,英語・英会話,和歌山県和歌山市有家241,N/A,N/A,N/A,https://sp-sukusuku.jp/kyoushitsu/s18000123997
明光義塾和台前駅前教室,学習塾,和歌山県和歌山市中５７３－１９,N/A,N/A,N/A,https://sp-sukusuku.jp/kyoushitsu/s18000032794
学研 北秋月教室,学習塾,和歌山県和歌山市秋月139-4,N/A,N/A,N/A,https://sp-sukusuku.jp/kyoushitsu/s18000123783
イーオンキッズ  和歌山ガーデンパーク校,英語・英会話,和歌山県和歌山市松江字向鵜ノ島1469-12F,N/A,N/A,N/A,https://sp-sukusuku.jp/kyoushitsu/s18000123981
個別指導Ｗａｍ／西浜校,学習塾,和歌山県和歌山市秋葉町７－２７,N/A,N/A,N/A,https://sp-sukusuku.jp/kyoushitsu/s18000032626
東進衛星予備校インフォメーションセンター,学習塾,和歌山県和歌山市太田１丁目１３－１５,N/A,N/A,N/A,https://sp-sukusuku.jp/kyoushitsu/s18000032570
公文教育研究会和歌山事務局,学習塾,和歌山県和歌山市九番丁１５,N/A,N/A,N/A,https://sp-sukusuku.jp/kyoushitsu/s18000032568
日本空手協会 和歌山北支部,空手・拳法,和歌山県和歌山市中野・松江,N/A,N/A,N/A,https://sp-sukusuku.jp/kyoushitsu/s18000123665
イクウェル（ＥＱＷＥＬ）チャイルドアカデミー和歌山北教室,幼児教室,和歌山県和歌山市次郎丸９８－４,N/A,N/A,N/A,https://sp-sukusuku.jp/kyoushitsu/s18000053612
ウイッシュボーンイングリッシュアカデミー和歌山スクール,幼児教室,和歌山県和歌山市紀三井寺８１１－４１－１０１,N/A,N/A,N/A,https://sp-sukusuku.jp/kyoushitsu/s18000054322
公文式楠見東教室,学習塾,和歌山県和歌山市善明寺１７６－２,N/A,N/A,N/A,https://sp-sukusuku.jp/kyoushitsu/s18000032923
３ステップ学習塾,学習塾,和歌山県和歌山市古屋１８２－２９,N/A,N/A,N/A,https://sp-sukusuku.jp/kyoushitsu/s18000032931
ＩＮＧ英数セミナー,学習塾,和歌山県和歌山市島橋西ノ丁４－２,N/A,N/A,N/A,https://sp-sukusuku.jp/kyoushitsu/s18000032789
英語専科塾,学習塾,和歌山県和歌山市田尻１７３－３０２,N/A,N/A,N/A,https://sp-sukusuku.jp/kyoushitsu/s18000032592
布施屋進学塾,学習塾,和歌山県和歌山市布施屋４９６,N/A,N/A,N/A,https://sp-sukusuku.jp/kyoushitsu/s18000032869
明光義塾和歌山西庄教室,学習塾,和歌山県和歌山市西庄２７４－６２,N/A,N/A,N/A,https://sp-sukusuku.jp/kyoushitsu/s18000032671
みやび個別指導学院六十谷校,学習塾,和歌山県和歌山市園部８６３－５,N/A,N/A,N/A,https://sp-sukusuku.jp/kyoushitsu/s18000032593
学研 内原教室,学習塾,和歌山県和歌山市内原888-15,N/A,N/A,N/A,https://sp-sukusuku.jp/kyoushitsu/s18000123791
パルポート／太田,スイミング・水泳,和歌山県和歌山市太田２丁目２－１０,N/A,N/A,N/A,https://sp-sukusuku.jp/kyoushitsu/s18000051126
智辯医学部進学ゼミ,学習塾,和歌山県和歌山市黒田２丁目２－２２,N/A,N/A,N/A,https://sp-sukusuku.jp/kyoushitsu/s18000032799
能開センター／和歌山校／小学部,学習塾,和歌山県和歌山市太田１丁目９－９,N/A,N/A,N/A,https://sp-sukusuku.jp/kyoushitsu/s18000032607
明光義塾 和歌山駅前教室,学習塾,和歌山県和歌山市太田1-11-13O・Eビル3F,N/A,N/A,N/A,https://sp-sukusuku.jp/kyoushitsu/s18000123646
ヤマハ音楽教室 ふじと台センター,音楽教室,和歌山県和歌山市中573-19エスタシオン東棟2F,N/A,N/A,N/A,https://sp-sukusuku.jp/kyoushitsu/s18000123925
公文式／小雑賀教室,学習塾,和歌山県和歌山市小雑賀１１０,N/A,N/A,N/A,https://sp-sukusuku.jp/kyoushitsu/s18000032699
Ｓ級進学教室,学習塾,和歌山県和歌山市楠見中１－４,N/A,N/A,N/A,https://sp-sukusuku.jp/kyoushitsu/s18000032914
個別指導さくら学院,学習塾,和歌山県和歌山市,N/A,N/A,N/A,https://sp-sukusuku.jp/kyoushitsu/s18000123731
いせたにあんざんすくうる,学習塾,和歌山県和歌山市津秦３７－３,N/A,N/A,N/A,https://sp-sukusuku.jp/kyoushitsu/s18000032552
学研 大浦スマイル教室,学習塾,和歌山県和歌山市西浜1079-7,N/A,N/A,N/A,https://sp-sukusuku.jp/kyoushitsu/s18000123802
学研 おぐら教室,学習塾,和歌山県和歌山市小倉256-1,N/A,N/A,N/A,https://sp-sukusuku.jp/kyoushitsu/s18000123856
ＧＥＳ／Ｊ―ＣＡＭＰＵＳ河北,学習塾,和歌山県和歌山市北島４５３－１,N/A,N/A,N/A,https://sp-sukusuku.jp/kyoushitsu/s18000032836
能開プレスクール和歌山校,学習塾,和歌山県和歌山市太田３９１－１,N/A,N/A,N/A,https://sp-sukusuku.jp/kyoushitsu/s18000027617
ＴＳ進学塾宮前教室,学習塾,和歌山県和歌山市中島５５１－５,N/A,N/A,N/A,https://sp-sukusuku.jp/kyoushitsu/s18000032877
アトリエ・リーフ,絵画・造形,和歌山県和歌山市和歌浦東２丁目８－２０,N/A,N/A,N/A,https://sp-sukusuku.jp/kyoushitsu/s18000044153
フレックス・スイミングスクール,スイミング・水泳,和歌山県和歌山市和歌浦東４丁目４,N/A,N/A,N/A,https://sp-sukusuku.jp/kyoushitsu/s18000051134
河合塾マナビス 堀止校,学習塾,和歌山県和歌山市堀止西1-2-23,N/A,N/A,N/A,https://sp-sukusuku.jp/kyoushitsu/s18000123867
田尻学泉会,学習塾,和歌山県和歌山市田尻２３０－６,N/A,N/A,N/A,https://sp-sukusuku.jp/kyoushitsu/s18000032784
学研 貴志南教室,学習塾,和歌山県和歌山市中76-5,N/A,N/A,N/A,https://sp-sukusuku.jp/kyoushitsu/s18000123825
栗栖学習塾,学習塾,和歌山県和歌山市岩橋７２９－６,N/A,N/A,N/A,https://sp-sukusuku.jp/kyoushitsu/s18000032870
個別教室のトライ,学習塾,和歌山県和歌山市美園町５丁目２－５,N/A,N/A,N/A,https://sp-sukusuku.jp/kyoushitsu/s18000032895
武田塾和歌山校,学習塾,和歌山県和歌山市友田町５丁目５０,N/A,N/A,N/A,https://sp-sukusuku.jp/kyoushitsu/s18000032615
ヤマハ音楽教室服部楽器,幼児教室,和歌山県和歌山市吹上１丁目２－２０,N/A,N/A,N/A,https://sp-sukusuku.jp/kyoushitsu/s18000054318
ブレインズ小学受験会,学習塾,和歌山県和歌山市六十谷７４９,N/A,N/A,N/A,https://sp-sukusuku.jp/kyoushitsu/s18000032652
Ｐｉｃｋこども体育館,新体操,和歌山県和歌山市向１４４－１５,N/A,N/A,N/A,https://sp-sukusuku.jp/kyoushitsu/s18000051966
学研 有功教室,学習塾,和歌山県和歌山市園部1037-4コーポラスそのべ2-1号,N/A,N/A,N/A,https://sp-sukusuku.jp/kyoushitsu/s18000123776
公文式／秋葉山教室,学習塾,和歌山県和歌山市秋葉町２７－２６,N/A,N/A,N/A,https://sp-sukusuku.jp/kyoushitsu/s18000032925
株式会社エスビジョングループ,学習塾,和歌山県和歌山市黒田１丁目２－２１,N/A,N/A,N/A,https://sp-sukusuku.jp/kyoushitsu/s18000032712
夢現進学スクール,学習塾,和歌山県和歌山市三葛３０２－６,N/A,N/A,N/A,https://sp-sukusuku.jp/kyoushitsu/s18000032774
Ｊ―Ｃａｍｐｕｓ西庄,学習塾,和歌山県和歌山市西庄３３７－２,N/A,N/A,N/A,https://sp-sukusuku.jp/kyoushitsu/s18000032888
ＫＩスクール,学習塾,和歌山県和歌山市木ノ本４１２－５,N/A,N/A,N/A,https://sp-sukusuku.jp/kyoushitsu/s18000032735
学研 紀ノ川教室,学習塾,和歌山県和歌山市粟201-14,N/A,N/A,N/A,https://sp-sukusuku.jp/kyoushitsu/s18000123831
高岡珠算研生会,書道・習字,和歌山県和歌山市東高松４丁目４－３９,N/A,N/A,N/A,https://sp-sukusuku.jp/kyoushitsu/s18000056906
楠山塾,学習塾,和歌山県和歌山市松ケ丘２丁目５－４６,N/A,N/A,N/A,https://sp-sukusuku.jp/kyoushitsu/s18000032598
新極真会和歌山県支部,空手・拳法,和歌山県和歌山市井辺４３７－２１,N/A,N/A,N/A,https://sp-sukusuku.jp/kyoushitsu/s18000001231
学研 今福教室,学習塾,和歌山県和歌山市西小二里3丁目1-22田淵そろばん教室内,N/A,N/A,N/A,https://sp-sukusuku.jp/kyoushitsu/s18000123816
